threshold,accuracy,precision_incorrect,recall_incorrect,f1_incorrect,macro_f1,mcc,true_negative,false_positive,false_negative,true_positive,model_id,feature_set,class_weight,feature_count
0.3,0.6005267778753293,0.6038428934727325,0.8363992172211351,0.7013455858221201,0.5491486047069514,0.161791839204941,599,1402,418,2137,ann_raw_99_none,raw_99,none,99
0.31,0.6009657594381036,0.6042432814710043,0.8360078277886497,0.7014778325123153,0.5499447402138016,0.16288448199110678,602,1399,419,2136,ann_raw_99_none,raw_99,none,99
0.32,0.6018437225636524,0.6050467819676779,0.8352250489236791,0.7017428477474515,0.5515314898803264,0.16506378231492425,608,1393,421,2134,ann_raw_99_none,raw_99,none,99
0.33,0.6018437225636524,0.6052257881283726,0.8340508806262231,0.7014483212639895,0.5519758075358155,0.16510985527315356,611,1390,424,2131,ann_raw_99_none,raw_99,none,99
0.34,0.602721685689201,0.6059743954480796,0.8336594911937377,0.7018121911037891,0.5534044518964047,0.16726477725754224,616,1385,425,2130,ann_raw_99_none,raw_99,none,99
0.35,0.6031606672519754,0.6065012831479898,0.8324853228962819,0.7017485978225009,0.5544808562882997,0.168377192267478,621,1380,428,2127,ann_raw_99_none,raw_99,none,99
0.36,0.6035996488147498,0.6070305801657616,0.8313111545988259,0.7016848364717542,0.5555513783405206,0.16948779792241103,626,1375,431,2124,ann_raw_99_none,raw_99,none,99
0.37,0.603819139596137,0.6073883161512027,0.8301369863013699,0.7015048784521251,0.5562989318851164,0.1700661411066964,630,1371,434,2121,ann_raw_99_none,raw_99,none,99
0.38,0.6049165935030729,0.6083213773314203,0.8297455968688845,0.7019867549668874,0.5580246274834437,0.17273089464070485,636,1365,435,2120,ann_raw_99_none,raw_99,none,99
0.39,0.6053555750658473,0.608670686190066,0.8297455968688845,0.7022192779065916,0.5586568087646165,0.17378840842546317,638,1363,435,2120,ann_raw_99_none,raw_99,none,99
0.4,0.6062335381913959,0.6094334196146103,0.8293542074363992,0.7025862068965517,0.5600593372145096,0.1759140622781509,643,1358,436,2119,ann_raw_99_none,raw_99,none,99
0.41,0.6066725197541704,0.6098473941837028,0.8289628180039139,0.7027206370272063,0.5608285416005033,0.1769816133579063,646,1355,437,2118,ann_raw_99_none,raw_99,none,99
0.42,0.6082089552238806,0.6110790536641661,0.8289628180039139,0.7035376183358246,0.5630273015651948,0.1806599743349256,653,1348,437,2118,ann_raw_99_none,raw_99,none,99
0.43,0.6095258999122037,0.6122035858877964,0.8285714285714286,0.7041410277731581,0.565042440314459,0.18381390463879876,660,1341,438,2117,ann_raw_99_none,raw_99,none,99
0.44,0.6104038630377524,0.6129779837775203,0.8281800391389432,0.7045114033627434,0.5664263941129337,0.1859138044223004,665,1336,439,2116,ann_raw_99_none,raw_99,none,99
0.45,0.6115013169446883,0.613933236574746,0.8277886497064579,0.705,0.5681169665809769,0.18852857517908592,671,1330,440,2115,ann_raw_99_none,raw_99,none,99
0.46,0.6119402985074627,0.6143562917756467,0.8273972602739726,0.705136757838559,0.5688713314224887,0.189578317122872,674,1327,441,2114,ann_raw_99_none,raw_99,none,99
0.47,0.6121597892888498,0.6146015125072717,0.8270058708414872,0.7051560153512432,0.5693141410517036,0.19010771535456994,676,1325,442,2113,ann_raw_99_none,raw_99,none,99
0.48,0.6119402985074627,0.6146895948703002,0.825440313111546,0.7046441697293685,0.5695325775070387,0.18963226214526974,679,1322,446,2109,ann_raw_99_none,raw_99,none,99
0.49,0.6119402985074627,0.6147564887722368,0.8250489236790607,0.7045454545454546,0.5696640316205533,0.18964380635074396,680,1321,447,2108,ann_raw_99_none,raw_99,none,99
0.5,0.6117208077260755,0.6147110332749562,0.82426614481409,0.7042300618625648,0.5696174263321128,0.1891495529841225,681,1320,449,2106,ann_raw_99_none,raw_99,none,99
0.51,0.6119402985074627,0.6150248465361006,0.8234833659491194,0.7041499330655957,0.570187211430757,0.1896924713976059,684,1317,451,2104,ann_raw_99_none,raw_99,none,99
0.52,0.612379280070237,0.6154521510096576,0.823091976516634,0.7042866711319491,0.570933144483172,0.19073964847019742,687,1314,452,2103,ann_raw_99_none,raw_99,none,99
0.53,0.6130377524143986,0.6160609613130129,0.8227005870841487,0.7045416457181163,0.5719846543375955,0.19230161573861226,691,1310,453,2102,ann_raw_99_none,raw_99,none,99
0.54,0.613476733977173,0.6164906103286385,0.8223091976516634,0.7046788529263793,0.5727268510424212,0.19334536317616913,694,1307,454,2101,ann_raw_99_none,raw_99,none,99
0.55,0.6145741878841089,0.6173964149280047,0.8223091976516634,0.7052702249076871,0.574258447900895,0.19591967246156605,699,1302,454,2101,ann_raw_99_none,raw_99,none,99
0.56,0.6161106233538192,0.6187389510901591,0.821917808219178,0.7060010085728694,0.5765224770970575,0.19952443951739068,707,1294,455,2100,ann_raw_99_none,raw_99,none,99
0.57,0.6163301141352063,0.6191319751992914,0.8207436399217222,0.705822955233928,0.5772016984371533,0.20006890166202354,711,1290,458,2097,ann_raw_99_none,raw_99,none,99
0.58,0.6163301141352063,0.6193433895297249,0.8195694716242662,0.7055256064690026,0.577573886357927,0.20010320744818563,714,1287,461,2094,ann_raw_99_none,raw_99,none,99
0.59,0.6163301141352063,0.6195555555555555,0.8183953033268102,0.7052276559865093,0.5779438091371892,0.20013976384641646,717,1284,464,2091,ann_raw_99_none,raw_99,none,99
0.6,0.6174275680421423,0.6204747774480712,0.8183953033268102,0.7058227848101266,0.5794567328506234,0.2026916229903631,722,1279,464,2091,ann_raw_99_none,raw_99,none,99
0.61,0.6185250219490781,0.6213967310549777,0.8183953033268102,0.706418918918919,0.5809663516900359,0.2052381633303561,727,1274,464,2091,ann_raw_99_none,raw_99,none,99
0.62,0.6185250219490781,0.6216860291927316,0.8168297455968689,0.706021650879567,0.5814483254397835,0.20528440789075522,731,1270,468,2087,ann_raw_99_none,raw_99,none,99
0.63,0.6189640035118525,0.622202327663384,0.8160469667318982,0.7060616322384016,0.5822884580405981,0.20632444988386583,735,1266,470,2085,ann_raw_99_none,raw_99,none,99
0.64,0.6200614574187884,0.6231320980274955,0.8160469667318982,0.70665988815455,0.5837877453852788,0.2088594295599073,740,1261,470,2085,ann_raw_99_none,raw_99,none,99
0.65,0.6205004389815628,0.6235786953919809,0.815655577299413,0.7068000678311006,0.5845042329824244,0.20988343962356681,743,1258,471,2084,ann_raw_99_none,raw_99,none,99
0.66,0.6209394205443372,0.6241007194244604,0.8148727984344423,0.7068409438125954,0.5853360260820195,0.21091802623962472,747,1254,473,2082,ann_raw_99_none,raw_99,none,99
0.67,0.6211589113257243,0.6243624362436243,0.814481409001957,0.7068614130434783,0.5857508057773223,0.21143500007886565,749,1252,474,2081,ann_raw_99_none,raw_99,none,99
0.68,0.6215978928884986,0.6250376166114956,0.8129158512720157,0.706702960190541,0.5868084992665754,0.2124931296892435,755,1246,478,2077,ann_raw_99_none,raw_99,none,99
0.69,0.6224758560140474,0.6257909008737571,0.8129158512720157,0.7071842015662241,0.5879960538405549,0.2145078018241074,759,1242,478,2077,ann_raw_99_none,raw_99,none,99
0.7,0.6226953467954346,0.6261315630657815,0.812133072407045,0.7071051286420174,0.5885201868927016,0.21503553082533092,762,1239,480,2075,ann_raw_99_none,raw_99,none,99
0.71,0.6237928007023705,0.6270776669688728,0.812133072407045,0.7077080491132333,0.589999344753661,0.21754744732418488,767,1234,480,2075,ann_raw_99_none,raw_99,none,99
0.72,0.6237928007023705,0.6274628675356169,0.8101761252446184,0.7072087461564742,0.5905595603096674,0.21761012205087663,772,1229,485,2070,ann_raw_99_none,raw_99,none,99
0.73,0.6240122914837577,0.6279635258358662,0.8086105675146771,0.706928999144568,0.5912973737687945,0.21816552041820048,777,1224,489,2066,ann_raw_99_none,raw_99,none,99
0.74,0.6248902546093064,0.6290420988407566,0.8070450097847358,0.7070118292473856,0.5929081714092982,0.2202230873516356,785,1216,493,2062,ann_raw_99_none,raw_99,none,99
0.75,0.6246707638279192,0.6294027565084227,0.8043052837573386,0.7061855670103093,0.59337224887575,0.21983226085322322,791,1210,500,2055,ann_raw_99_none,raw_99,none,99
0.76,0.625548726953468,0.6303346638010439,0.8035225048923679,0.7064693737095664,0.5947498383699348,0.22185895444530696,797,1204,502,2053,ann_raw_99_none,raw_99,none,99
0.77,0.6270851624231782,0.6321803582458307,0.801174168297456,0.7067150008631107,0.597406912905192,0.2254397889728281,810,1191,508,2047,ann_raw_99_none,raw_99,none,99
0.78,0.6288410886742757,0.6341614906832298,0.7992172211350294,0.7071861471861471,0.6002217820138107,0.22949002329644297,823,1178,513,2042,ann_raw_99_none,raw_99,none,99
0.79,0.6288410886742757,0.6347473487211478,0.7964774951076321,0.7064745703870856,0.600924542728607,0.22961930003470485,830,1171,520,2035,ann_raw_99_none,raw_99,none,99
0.8,0.6308165057067603,0.6367909746161078,0.7953033268101761,0.707274625826662,0.6037858571795223,0.23411531838945135,842,1159,523,2032,ann_raw_99_none,raw_99,none,99
0.3,0.6321334503950834,0.6313116223483717,0.8270058708414872,0.7160284649271433,0.596955042432419,0.23639953652341553,767,1234,442,2113,ann_raw_99_balanced,raw_99,balanced,99
0.31,0.6323529411764706,0.6315002988643156,0.8270058708414872,0.7161498051177766,0.5972527287812489,0.2368987250042716,768,1233,442,2113,ann_raw_99_balanced,raw_99,balanced,99
0.32,0.6330114135206322,0.6322252171308775,0.8262230919765167,0.7163216830675263,0.5983721529072871,0.2383886721457892,773,1228,444,2111,ann_raw_99_balanced,raw_99,balanced,99
0.33,0.6336698858647937,0.6328734253149371,0.8258317025440313,0.7165902530140941,0.5993748658803018,0.23987965998675978,777,1224,445,2110,ann_raw_99_balanced,raw_99,balanced,99
0.34,0.6345478489903424,0.6337139423076923,0.825440313111546,0.7169811320754716,0.6006708075985906,0.2418655697735383,782,1219,446,2109,ann_raw_99_balanced,raw_99,balanced,99
0.35,0.6360842844600527,0.6350496838301717,0.825440313111546,0.7178352620830497,0.6027371613258264,0.24533891983563313,789,1212,446,2109,ann_raw_99_balanced,raw_99,balanced,99
0.36,0.6367427568042142,0.6357056694813028,0.8250489236790607,0.7181059444728326,0.603730540888067,0.24682090223452777,793,1208,447,2108,ann_raw_99_balanced,raw_99,balanced,99
0.37,0.6369622475856014,0.6358974358974359,0.8250489236790607,0.7182282793867121,0.6040246887371562,0.2473157621427284,794,1207,447,2108,ann_raw_99_balanced,raw_99,balanced,99
0.38,0.637620719929763,0.6364734299516909,0.8250489236790607,0.7185955343446395,0.6049063958317958,0.24879930235025466,797,1204,447,2108,ann_raw_99_balanced,raw_99,balanced,99
0.39,0.6382791922739245,0.6370504684194621,0.8250489236790607,0.7189631650750341,0.6057870012567289,0.2502812943428613,800,1201,447,2108,ann_raw_99_balanced,raw_99,balanced,99
0.4,0.6395961369622476,0.6385432473444613,0.8234833659491194,0.7193162393162393,0.6079720374999344,0.25322317372844133,810,1191,451,2104,ann_raw_99_balanced,raw_99,balanced,99
0.41,0.6395961369622476,0.6386273914363803,0.823091976516634,0.71922024623803,0.608078260373917,0.25321956727406775,811,1190,452,2103,ann_raw_99_balanced,raw_99,balanced,99
0.42,0.6400351185250219,0.6391000304043782,0.8227005870841487,0.7193702943189596,0.608767154503421,0.25420033725134206,814,1187,453,2102,ann_raw_99_balanced,raw_99,balanced,99
0.43,0.6398156277436348,0.6391595615103532,0.8215264187866927,0.7189587258092139,0.6087919201914997,0.2537000621484798,816,1185,456,2099,ann_raw_99_balanced,raw_99,balanced,99
0.44,0.6406935908691835,0.6400244051250763,0.8211350293542075,0.7193553917366706,0.6100589096530258,0.2556633815238893,821,1180,457,2098,ann_raw_99_balanced,raw_99,balanced,99
0.45,0.6406935908691835,0.6401954795357361,0.8203522504892368,0.7191628066563733,0.6102667520945588,0.25565929256579784,823,1178,459,2096,ann_raw_99_balanced,raw_99,balanced,99
0.46,0.6406935908691835,0.6403669724770642,0.8195694716242662,0.7189699570815451,0.610473722075911,0.25565641513826026,825,1176,461,2094,ann_raw_99_balanced,raw_99,balanced,99
0.47,0.6411325724319579,0.6408450704225352,0.8191780821917808,0.7191204260436351,0.6111554728212707,0.2566364038897926,828,1173,462,2093,ann_raw_99_balanced,raw_99,balanced,99
0.48,0.6411325724319579,0.6409313725490197,0.8187866927592955,0.7190238872658532,0.6112580717835492,0.2566355574947879,829,1172,463,2092,ann_raw_99_balanced,raw_99,balanced,99
0.49,0.641352063213345,0.641214351425943,0.8183953033268102,0.719050894085282,0.611649233450408,0.25712510822190765,831,1170,464,2091,ann_raw_99_balanced,raw_99,balanced,99
0.5,0.6409130816505707,0.6409941699907947,0.8176125244618395,0.718610251117991,0.6112760170083588,0.25614472314772857,831,1170,466,2089,ann_raw_99_balanced,raw_99,balanced,99
0.51,0.6417910447761194,0.6418690439594221,0.8172211350293542,0.71900826446281,0.6125307666139715,0.25810429888652764,836,1165,467,2088,ann_raw_99_balanced,raw_99,balanced,99
0.52,0.6417910447761194,0.6418690439594221,0.8172211350293542,0.71900826446281,0.6125307666139715,0.25810429888652764,836,1165,467,2088,ann_raw_99_balanced,raw_99,balanced,99
0.53,0.642449517120281,0.6425492610837439,0.8168297455968689,0.7192831294158194,0.613494692541092,0.25957226694145463,840,1161,468,2087,ann_raw_99_balanced,raw_99,balanced,99
0.54,0.6426690079016681,0.6428351309707242,0.8164383561643835,0.7193103448275862,0.6138822255538897,0.26006156807932485,842,1159,469,2086,ann_raw_99_balanced,raw_99,balanced,99
0.55,0.6431079894644425,0.6433199629743906,0.8160469667318982,0.7194616977225673,0.6145559393317299,0.26103931859627455,845,1156,470,2085,ann_raw_99_balanced,raw_99,balanced,99
0.56,0.6431079894644425,0.6434970651838122,0.8152641878669276,0.7192679558011049,0.6147544598282633,0.2610413464573169,847,1154,472,2083,ann_raw_99_balanced,raw_99,balanced,99
0.57,0.6435469710272168,0.6438948995363215,0.8152641878669276,0.7195164075993091,0.615327138176536,0.26201751654942934,849,1152,472,2083,ann_raw_99_balanced,raw_99,balanced,99
0.58,0.6442054433713784,0.6444925742574258,0.8152641878669276,0.7198894072922066,0.6161853051498627,0.2634806921862677,852,1149,472,2083,ann_raw_99_balanced,raw_99,balanced,99
0.59,0.6444249341527656,0.6448713975828944,0.814481409001957,0.7198201314424074,0.6166668224779605,0.2639705155200872,855,1146,474,2081,ann_raw_99_balanced,raw_99,balanced,99
0.6,0.6450834064969271,0.6454714640198511,0.814481409001957,0.7201938051566015,0.6175226451525582,0.2654315822251153,858,1143,474,2081,ann_raw_99_balanced,raw_99,balanced,99
0.61,0.6457418788410887,0.6460726482458864,0.814481409001957,0.7205678670360111,0.6183774586978616,0.26689139082941427,861,1140,474,2081,ann_raw_99_balanced,raw_99,balanced,99
0.62,0.6455223880597015,0.6459627329192547,0.8140900195694716,0.7203463203463204,0.6181893423727407,0.26640623692788484,861,1140,475,2080,ann_raw_99_balanced,raw_99,balanced,99
0.63,0.6457418788410887,0.6463452566096423,0.813307240704501,0.7202772963604853,0.6186664758283575,0.2668960218614543,864,1137,477,2078,ann_raw_99_balanced,raw_99,balanced,99
0.64,0.6455223880597015,0.6462352209085253,0.8129158512720157,0.720055468885422,0.6184782280113619,0.2664119487921588,864,1137,478,2077,ann_raw_99_balanced,raw_99,balanced,99
0.65,0.6459613696224759,0.6468204488778054,0.812133072407045,0.7201110532708659,0.6192373719623963,0.2673892703475515,868,1133,480,2075,ann_raw_99_balanced,raw_99,balanced,99
0.66,0.647278314310799,0.648125,0.8117416829745597,0.7207645525629887,0.6210316656172108,0.27030476224261135,875,1126,481,2074,ann_raw_99_balanced,raw_99,balanced,99
0.67,0.647278314310799,0.648125,0.8117416829745597,0.7207645525629887,0.6210316656172108,0.27030476224261135,875,1126,481,2074,ann_raw_99_balanced,raw_99,balanced,99
0.68,0.647278314310799,0.6483103879849812,0.810958904109589,0.7205703355938098,0.6212194135570953,0.27031085601541205,877,1124,483,2072,ann_raw_99_balanced,raw_99,balanced,99
0.69,0.6474978050921861,0.6485133020344288,0.810958904109589,0.7206956521739131,0.6215019010423402,0.27079570046684137,878,1123,483,2072,ann_raw_99_balanced,raw_99,balanced,99
0.7,0.6474978050921861,0.6485133020344288,0.810958904109589,0.7206956521739131,0.6215019010423402,0.27079570046684137,878,1123,483,2072,ann_raw_99_balanced,raw_99,balanced,99
0.71,0.6479367866549605,0.6491998744901161,0.8097847358121331,0.7206548241031,0.6223452162058527,0.2717758425787035,883,1118,486,2069,ann_raw_99_balanced,raw_99,balanced,99
0.72,0.6485952589991221,0.6498115577889447,0.8097847358121331,0.7210315385955741,0.6231899465880331,0.2732283344387261,886,1115,486,2069,ann_raw_99_balanced,raw_99,balanced,99
0.73,0.6485952589991221,0.65,0.8090019569471625,0.7208369659982563,0.6233737687557168,0.27323670895671975,888,1113,488,2067,ann_raw_99_balanced,raw_99,balanced,99
0.74,0.6494732221246707,0.6508186397984886,0.8090019569471625,0.7213400802652242,0.6244973101710622,0.27517118351310615,892,1109,488,2067,ann_raw_99_balanced,raw_99,balanced,99
0.75,0.6499122036874452,0.6513240857503153,0.8086105675146771,0.7214946743495722,0.6251491097006354,0.276141999337004,895,1106,489,2066,ann_raw_99_balanced,raw_99,balanced,99
0.76,0.6492537313432836,0.6509940044177974,0.8074363992172211,0.7208245981830887,0.6245799496228313,0.27470739460061006,895,1106,492,2063,ann_raw_99_balanced,raw_99,balanced,99
0.77,0.6490342405618964,0.6509791535060012,0.8066536203522505,0.7205034084950184,0.624480545297347,0.27423570729708,896,1105,494,2061,ann_raw_99_balanced,raw_99,balanced,99
0.78,0.6483757682177349,0.6508388730610953,0.8046966731898239,0.7196359817990899,0.6240910927241476,0.27282016115371316,898,1103,499,2056,ann_raw_99_balanced,raw_99,balanced,99
0.79,0.6488147497805092,0.6513470681458003,0.8043052837573386,0.7197898423817863,0.6247391304795469,0.27379453728361725,901,1100,500,2055,ann_raw_99_balanced,raw_99,balanced,99
0.8,0.6492537313432836,0.6519530009526834,0.8035225048923679,0.7198457223001402,0.6254745043425584,0.2747767555008427,905,1096,502,2053,ann_raw_99_balanced,raw_99,balanced,99
0.3,0.636523266022827,0.6996890270990671,0.6164383561643836,0.6554307116104869,0.6354255276584715,0.27655927727193086,1325,676,980,1575,ann_normalized_99_none,normalized_99,none,99
0.31,0.6382791922739245,0.7027268663388466,0.6152641878669276,0.656093489148581,0.6373060038335497,0.280876350988845,1336,665,983,1572,ann_normalized_99_none,normalized_99,none,99
0.32,0.6380597014925373,0.7042380522993688,0.6113502935420744,0.6545149800963754,0.6372367479417116,0.2815080417287426,1345,656,993,1562,ann_normalized_99_none,normalized_99,none,99
0.33,0.6384986830553117,0.7061762034514079,0.6086105675146771,0.6537733865881858,0.6377936967384098,0.2833130745921668,1354,647,1000,1555,ann_normalized_99_none,normalized_99,none,99
0.34,0.6404741000877963,0.7106109324758842,0.6054794520547945,0.6538461538461539,0.6399367755532139,0.2887641493942549,1371,630,1008,1547,ann_normalized_99_none,normalized_99,none,99
0.35,0.6415715539947322,0.7142193308550185,0.6015655577299412,0.6530698958997239,0.6411773997092263,0.29248371295256453,1386,615,1018,1537,ann_normalized_99_none,normalized_99,none,99
0.36,0.642449517120281,0.7169634489222118,0.598825831702544,0.6525911708253359,0.6421445566991251,0.295363740235809,1397,604,1025,1530,ann_normalized_99_none,normalized_99,none,99
0.37,0.6453028972783144,0.7219858156028369,0.597651663405088,0.6539614561027838,0.6450806830266282,0.30231916178296653,1413,588,1028,1527,ann_normalized_99_none,normalized_99,none,99
0.38,0.6455223880597015,0.7242366412213741,0.5941291585127202,0.6527628466996345,0.6453681976156769,0.3039800153378415,1423,578,1037,1518,ann_normalized_99_none,normalized_99,none,99
0.39,0.6464003511852502,0.7269230769230769,0.5917808219178082,0.6524271844660194,0.6462940032225116,0.3067988920828858,1433,568,1043,1512,ann_normalized_99_none,normalized_99,none,99
0.4,0.646180860403863,0.7292173067574137,0.5870841487279843,0.6504770164787511,0.6461273971282644,0.30788474525314213,1444,557,1055,1500,ann_normalized_99_none,normalized_99,none,99
0.41,0.6459613696224759,0.72953216374269,0.5859099804305283,0.6498806164532234,0.6459170007904297,0.30777746781710497,1446,555,1058,1497,ann_normalized_99_none,normalized_99,none,99
0.42,0.6468393327480246,0.7318627450980392,0.5843444227005871,0.6498367791077257,0.6468134526488374,0.31037204372351657,1454,547,1062,1493,ann_normalized_99_none,normalized_99,none,99
0.43,0.6455223880597015,0.7324431256181998,0.5796477495107633,0.6471487874153375,0.6455148567727184,0.30894492773476934,1460,541,1074,1481,ann_normalized_99_none,normalized_99,none,99
0.44,0.6455223880597015,0.7338308457711443,0.5772994129158513,0.6462212486308871,0.6455210047860835,0.3097845276157262,1466,535,1080,1475,ann_normalized_99_none,normalized_99,none,99
0.45,0.647278314310799,0.7377131394182548,0.57573385518591,0.6467355462739064,0.6472774816620464,0.3144853425715714,1478,523,1084,1471,ann_normalized_99_none,normalized_99,none,99
0.46,0.6494732221246707,0.7414314516129032,0.57573385518591,0.6481603877506059,0.6494683416994884,0.31966565335525554,1488,513,1084,1471,ann_normalized_99_none,normalized_99,none,99
0.47,0.6496927129060579,0.7432775240994419,0.5733855185909981,0.6473707467962881,0.6496775234199496,0.32106254535178147,1495,506,1090,1465,ann_normalized_99_none,normalized_99,none,99
0.48,0.6503511852502195,0.745658835546476,0.5714285714285714,0.6470197208065588,0.650320036528524,0.3233658681208415,1503,498,1095,1460,ann_normalized_99_none,normalized_99,none,99
0.49,0.6507901668129938,0.7474332648870636,0.5698630136986301,0.6466799911170331,0.6507429029136912,0.32501013697052455,1509,492,1099,1456,ann_normalized_99_none,normalized_99,none,99
0.5,0.6516681299385426,0.750258531540848,0.5679060665362036,0.6464691468032969,0.6515927823568723,0.32786359150357336,1518,483,1104,1451,ann_normalized_99_none,normalized_99,none,99
0.51,0.6532045654082529,0.7540385617509119,0.5663405088062622,0.6468484577559231,0.6530921892056891,0.3321569206174034,1529,472,1108,1447,ann_normalized_99_none,normalized_99,none,99
0.52,0.6540825285338016,0.7574960547080484,0.5636007827788649,0.6463195691202872,0.6539157983058481,0.335367898728223,1540,461,1115,1440,ann_normalized_99_none,normalized_99,none,99
0.53,0.6540825285338016,0.7585842577918648,0.5620352250489237,0.64568345323741,0.6538880387970927,0.33600711823496554,1544,457,1119,1436,ann_normalized_99_none,normalized_99,none,99
0.54,0.654521510096576,0.7607655502392344,0.5600782778864971,0.6451758340847611,0.6542816723888305,0.33787393837315577,1551,450,1124,1431,ann_normalized_99_none,normalized_99,none,99
0.55,0.6529850746268657,0.7607066381156317,0.5561643835616439,0.6425503052226995,0.652689100148138,0.3357902076263119,1554,447,1134,1421,ann_normalized_99_none,normalized_99,none,99
0.56,0.6525460930640913,0.7621359223300971,0.5530332681017612,0.6409616693127693,0.6521840028469014,0.3360473326454514,1560,441,1142,1413,ann_normalized_99_none,normalized_99,none,99
0.57,0.6540825285338016,0.7658881042911461,0.5518590998043053,0.6414922656960873,0.6536553779710292,0.34029016540337303,1570,431,1145,1410,ann_normalized_99_none,normalized_99,none,99
0.58,0.6540825285338016,0.7670485542825969,0.550293542074364,0.6408386508659982,0.6536115354245318,0.34096928754006417,1574,427,1149,1406,ann_normalized_99_none,normalized_99,none,99
0.59,0.6540825285338016,0.7688083470620538,0.547945205479452,0.6398537477148081,0.6535417387222688,0.34199833285235764,1580,421,1155,1400,ann_normalized_99_none,normalized_99,none,99
0.6,0.654521510096576,0.7702479338842976,0.5471624266144814,0.6398169336384439,0.6539447384345741,0.34342094656111805,1584,417,1157,1398,ann_normalized_99_none,normalized_99,none,99
0.61,0.6549604916593503,0.7719977863862756,0.5459882583170255,0.6396148555708391,0.6543337435748933,0.34502292575525884,1589,412,1160,1395,ann_normalized_99_none,normalized_99,none,99
0.62,0.6551799824407375,0.7733333333333333,0.5448140900195695,0.6392652123995407,0.6545075273685742,0.34609121163504963,1593,408,1163,1392,ann_normalized_99_none,normalized_99,none,99
0.63,0.6556189640035118,0.7757270693512305,0.5428571428571428,0.6387289891779876,0.6548645994327766,0.3480636570579963,1600,401,1168,1387,ann_normalized_99_none,normalized_99,none,99
0.64,0.6562774363476734,0.7782779966235228,0.5412915851272015,0.6385041551246537,0.6554445461815737,0.350414111233732,1607,394,1172,1383,ann_normalized_99_none,normalized_99,none,99
0.65,0.6573748902546093,0.7820658342792282,0.539334637964775,0.6384063006717628,0.6564294277081442,0.35405513495569985,1617,384,1177,1378,ann_normalized_99_none,normalized_99,none,99
0.66,0.6580333625987709,0.7843696520250998,0.538160469667319,0.638347260909935,0.6570170942351508,0.3562534062442668,1623,378,1180,1375,ann_normalized_99_none,normalized_99,none,99
0.67,0.6591308165057067,0.7876004592422503,0.536986301369863,0.6385850593437282,0.6580256553208776,0.359561095270581,1631,370,1183,1372,ann_normalized_99_none,normalized_99,none,99
0.68,0.6595697980684812,0.7905092592592593,0.5346379647749511,0.6378706514125613,0.6583430705809958,0.36180734452170155,1639,362,1189,1366,ann_normalized_99_none,normalized_99,none,99
0.69,0.6617647058823529,0.7964912280701755,0.5330724070450098,0.6386869871043376,0.6603791857328991,0.3681210794078613,1653,348,1193,1362,ann_normalized_99_none,normalized_99,none,99
0.7,0.6622036874451273,0.7991755005889282,0.5311154598825831,0.6381377850928757,0.6607029736330812,0.37022520912896395,1660,341,1198,1357,ann_normalized_99_none,normalized_99,none,99
0.71,0.6628621597892889,0.8013010053222945,0.5303326810176126,0.6382477626000942,0.661294041595978,0.37229997590666114,1665,336,1200,1355,ann_normalized_99_none,normalized_99,none,99
0.72,0.6635206321334504,0.8030842230130486,0.5299412915851271,0.6385286489035605,0.6619044394179063,0.3741791455547251,1669,332,1201,1354,ann_normalized_99_none,normalized_99,none,99
0.73,0.6637401229148375,0.8042831647828673,0.5291585127201566,0.6383380547686497,0.662073047072594,0.37514612799342756,1672,329,1203,1352,ann_normalized_99_none,normalized_99,none,99
0.74,0.6646180860403863,0.8073010173548774,0.5279843444227006,0.6384287742546143,0.6628492622808069,0.3780076658689394,1679,322,1206,1349,ann_normalized_99_none,normalized_99,none,99
0.75,0.6657155399473222,0.8112183353437877,0.5264187866927593,0.6384998813197247,0.663810054968905,0.38165920629325734,1688,313,1210,1345,ann_normalized_99_none,normalized_99,none,99
0.76,0.6663740122914837,0.8142076502732241,0.524853228962818,0.638267491670633,0.6643475951224855,0.384203383641579,1695,306,1214,1341,ann_normalized_99_none,normalized_99,none,99
0.77,0.6676909569798068,0.8175716900549115,0.5244618395303327,0.6390081068192656,0.6655796939139028,0.38782419760599396,1702,299,1215,1340,ann_normalized_99_none,normalized_99,none,99
0.78,0.6676909569798068,0.8191293684855917,0.5228962818003914,0.6383182035355949,0.665484720931419,0.38869085037400675,1706,295,1219,1336,ann_normalized_99_none,normalized_99,none,99
0.79,0.6687884108867428,0.8220443349753694,0.5225048923679061,0.6389088298636038,0.6665048913153413,0.3917638702112565,1712,289,1220,1335,ann_normalized_99_none,normalized_99,none,99
0.8,0.66900790166813,0.8249534450651769,0.5201565557729941,0.6380220835333653,0.6665646204160963,0.3936659486163046,1719,282,1226,1329,ann_normalized_99_none,normalized_99,none,99
0.3,0.7787532923617209,0.8485804416403786,0.736986301369863,0.7888563049853372,0.7782455798785608,0.5650369883427827,1665,336,672,1883,ann_normalized_99_balanced,normalized_99,balanced,99
0.31,0.7800702370500439,0.85119855269109,0.7365949119373777,0.789760805707092,0.7796019859184332,0.568177052896786,1672,329,673,1882,ann_normalized_99_balanced,normalized_99,balanced,99
0.32,0.7800702370500439,0.8531150522964984,0.7342465753424657,0.7892301220025242,0.7796540697208583,0.5689188019018531,1678,323,679,1876,ann_normalized_99_balanced,normalized_99,balanced,99
0.33,0.7798507462686567,0.8540145985401459,0.7326810176125245,0.7887086580998526,0.7794631492102928,0.5689163397489024,1681,320,683,1872,ann_normalized_99_balanced,normalized_99,balanced,99
0.34,0.7807287093942055,0.8559011893870082,0.7322896281800392,0.7892849609786965,0.7803665710864656,0.571068407695213,1686,315,684,1871,ann_normalized_99_balanced,normalized_99,balanced,99
0.35,0.7809482001755926,0.8569463548830811,0.7315068493150685,0.7892736486486487,0.780605745713721,0.5718322977654728,1689,312,686,1869,ann_normalized_99_balanced,normalized_99,balanced,99
0.36,0.7820456540825286,0.8595764272559853,0.7307240704500978,0.7899301882800931,0.7817381842198641,0.5746314147241854,1696,305,688,1867,ann_normalized_99_balanced,normalized_99,balanced,99
0.37,0.7831431079894644,0.8615597600369174,0.7307240704500978,0.7907666243117323,0.782854838351766,0.577174786025072,1701,300,688,1867,ann_normalized_99_balanced,normalized_99,balanced,99
0.38,0.7835820895522388,0.8630263766774642,0.7299412915851272,0.7909245122985581,0.783314849415885,0.5784598516698921,1705,296,690,1865,ann_normalized_99_balanced,normalized_99,balanced,99
0.39,0.7833625987708516,0.8639740018570102,0.728375733855186,0.7904013590995965,0.7831180086435979,0.5784882370038268,1708,293,694,1861,ann_normalized_99_balanced,normalized_99,balanced,99
0.4,0.7840210711150132,0.865518845974872,0.7279843444227005,0.7908163265306123,0.7837929182562318,0.5801572154007512,1712,289,695,1860,ann_normalized_99_balanced,normalized_99,balanced,99
0.41,0.7851185250219491,0.8678804855275444,0.7275929549902153,0.7915690866510539,0.784912516145459,0.5828536598474575,1718,283,696,1859,ann_normalized_99_balanced,normalized_99,balanced,99
0.42,0.7866549604916594,0.8707259953161592,0.7275929549902153,0.7927505330490405,0.7864702461717388,0.5864429162646215,1725,276,696,1859,ann_normalized_99_balanced,normalized_99,balanced,99
0.43,0.7866549604916594,0.8717707844058243,0.7264187866927593,0.7924850555081128,0.7864864301930807,0.5868656925168604,1728,273,699,1856,ann_normalized_99_balanced,normalized_99,balanced,99
0.44,0.7866549604916594,0.8724705882352941,0.7256360078277887,0.7923076923076923,0.7864968064426547,0.587149905542545,1730,271,701,1854,ann_normalized_99_balanced,normalized_99,balanced,99
0.45,0.7868744512730466,0.8732327992459944,0.7252446183953033,0.7923882830874492,0.7867240175301959,0.5878076123657001,1732,269,702,1853,ann_normalized_99_balanced,normalized_99,balanced,99
0.46,0.7884108867427568,0.8764789398958827,0.724853228962818,0.7934875749785776,0.7882829414046804,0.5915613519335506,1740,261,703,1852,ann_normalized_99_balanced,normalized_99,balanced,99
0.47,0.7884108867427568,0.8768356229275225,0.7244618395303327,0.7933990570081441,0.7882874727235951,0.5917072489112379,1741,260,704,1851,ann_normalized_99_balanced,normalized_99,balanced,99
0.48,0.7884108867427568,0.8775510204081632,0.723679060665362,0.7932217932217932,0.7882962898693235,0.5920004832585514,1743,258,706,1849,ann_normalized_99_balanced,normalized_99,balanced,99
0.49,0.7884108867427568,0.8786292241789624,0.722504892367906,0.7929553264604811,0.7883089020094147,0.5924439437040188,1746,255,709,1846,ann_normalized_99_balanced,normalized_99,balanced,99
0.5,0.788630377524144,0.8797709923664122,0.7217221135029355,0.792947753171361,0.7885384361014842,0.5932604932049786,1749,252,711,1844,ann_normalized_99_balanced,normalized_99,balanced,99
0.51,0.7892888498683055,0.8810320114667941,0.7217221135029355,0.7934595524956971,0.7892028945274184,0.5948168999474944,1752,249,711,1844,ann_normalized_99_balanced,normalized_99,balanced,99
0.52,0.7888498683055312,0.881282910483485,0.7205479452054795,0.7928509905254091,0.7887710637497234,0.5942314972087827,1753,248,714,1841,ann_normalized_99_balanced,normalized_99,balanced,99
0.53,0.7897278314310799,0.8829736211031175,0.7205479452054795,0.7935344827586207,0.7896563290358398,0.5963109364187738,1757,244,714,1841,ann_normalized_99_balanced,normalized_99,balanced,99
0.54,0.7906057945566286,0.8854116514203177,0.7197651663405088,0.7940414507772021,0.7905475111028868,0.5987013223303025,1763,238,716,1839,ann_normalized_99_balanced,normalized_99,balanced,99
0.55,0.7910447761194029,0.8862650602409639,0.7197651663405088,0.7943844492440605,0.7909896364917313,0.5997443503054989,1765,236,716,1839,ann_normalized_99_balanced,normalized_99,balanced,99
0.56,0.7906057945566286,0.8865282472235635,0.7185909980430528,0.7937743190661478,0.7905563525781029,0.5991677075256143,1766,235,719,1836,ann_normalized_99_balanced,normalized_99,balanced,99
0.57,0.7901668129938543,0.8871670702179176,0.7170254403131116,0.793073593073593,0.7901253984958347,0.5987501261035977,1768,233,723,1832,ann_normalized_99_balanced,normalized_99,balanced,99
0.58,0.7912642669007902,0.8904576436222006,0.7158512720156556,0.7936645693208939,0.7912360155065495,0.6018466170945591,1776,225,726,1829,ann_normalized_99_balanced,normalized_99,balanced,99
0.59,0.7906057945566286,0.8906783796974134,0.7142857142857143,0.7927888792354474,0.790582549644343,0.6009160043319527,1777,224,730,1825,ann_normalized_99_balanced,normalized_99,balanced,99
0.6,0.7903863037752414,0.8913894324853229,0.7131115459882583,0.7923461622091759,0.7903676301850222,0.6008771623893214,1779,222,733,1822,ann_normalized_99_balanced,normalized_99,balanced,99
0.61,0.7908252853380158,0.8922624877571009,0.7131115459882583,0.7926908853600174,0.7908083441196543,0.6019296231234716,1781,220,733,1822,ann_normalized_99_balanced,normalized_99,balanced,99
0.62,0.7910447761194029,0.8930848455125061,0.712720156555773,0.7927731824118416,0.7910302388376163,0.602620131453622,1783,218,734,1821,ann_normalized_99_balanced,normalized_99,balanced,99
0.63,0.7908252853380158,0.8941929133858267,0.7111545988258317,0.7922389361238282,0.7908156006585991,0.6027533488946129,1786,215,738,1817,ann_normalized_99_balanced,normalized_99,balanced,99
0.64,0.7901668129938543,0.8940364711680631,0.7099804305283758,0.7914485165794066,0.7901588872649683,0.6016681487220981,1786,215,741,1814,ann_normalized_99_balanced,normalized_99,balanced,99
0.65,0.7908252853380158,0.8961424332344213,0.7091976516634051,0.7917850120166048,0.7908208411791955,0.6035897622122132,1791,210,743,1812,ann_normalized_99_balanced,normalized_99,balanced,99
0.66,0.7910447761194029,0.8969787023278851,0.7088062622309198,0.7918670747704416,0.7910415144676359,0.6042883229838695,1793,208,744,1811,ann_normalized_99_balanced,normalized_99,balanced,99
0.67,0.792361720807726,0.899652260307998,0.7088062622309198,0.792907180385289,0.7923602803334895,0.6074704592819722,1799,202,744,1811,ann_normalized_99_balanced,normalized_99,balanced,99
0.68,0.7921422300263389,0.900398406374502,0.7076320939334638,0.7924611001534079,0.7921417393490715,0.6074546378011867,1801,200,747,1808,ann_normalized_99_balanced,normalized_99,balanced,99
0.69,0.792361720807726,0.9020489755122438,0.7064579256360078,0.792361720807726,0.792361720807726,0.6085069011482517,1805,196,750,1805,ann_normalized_99_balanced,normalized_99,balanced,99
0.7,0.7930201931518877,0.9042126379137412,0.7056751467710372,0.7927016926797098,0.7930197045471746,0.6104573668740058,1810,191,752,1803,ann_normalized_99_balanced,normalized_99,balanced,99
0.71,0.7936786654960492,0.905982905982906,0.7052837573385519,0.7931338028169014,0.7936772341580128,0.6122372960004555,1814,187,753,1802,ann_normalized_99_balanced,normalized_99,balanced,99
0.72,0.7932396839332748,0.9067070095814422,0.7037181996086106,0.7924195680916704,0.7932364565425558,0.6118808599940208,1816,185,757,1798,ann_normalized_99_balanced,normalized_99,balanced,99
0.73,0.793459174714662,0.9088145896656535,0.7021526418786693,0.7922278648708324,0.7934519206527411,0.6131389980977876,1821,180,761,1794,ann_normalized_99_balanced,normalized_99,balanced,99
0.74,0.7936786654960492,0.9092752154080082,0.7021526418786693,0.7924028268551236,0.7936708724153454,0.6136761803786728,1822,179,761,1794,ann_normalized_99_balanced,normalized_99,balanced,99
0.75,0.7938981562774363,0.9101522842639594,0.7017612524461839,0.7924861878453039,0.7938886138703302,0.6143961260035452,1824,177,762,1793,ann_normalized_99_balanced,normalized_99,balanced,99
0.76,0.7941176470588235,0.9118695873662761,0.700587084148728,0.7923860115095175,0.7941033235605924,0.6154859200478956,1828,173,765,1790,ann_normalized_99_balanced,normalized_99,balanced,99
0.77,0.7932396839332748,0.9116896375701888,0.6990215264187867,0.7913159060700045,0.7932221113647109,0.6140698984354177,1828,173,769,1786,ann_normalized_99_balanced,normalized_99,balanced,99
0.78,0.7932396839332748,0.9129544290834614,0.6978473581213307,0.7910381543921916,0.7932167314098231,0.614629230650852,1831,170,772,1783,ann_normalized_99_balanced,normalized_99,balanced,99
0.79,0.793459174714662,0.9146968139773896,0.6966731898238747,0.790935347700511,0.793429070510416,0.6157349832004986,1835,166,775,1780,ann_normalized_99_balanced,normalized_99,balanced,99
0.8,0.7932396839332748,0.9163655136809499,0.6947162426614482,0.790293855743544,0.7931988759237201,0.6161446742362587,1839,162,780,1775,ann_normalized_99_balanced,normalized_99,balanced,99
0.3,0.538630377524144,0.6001769128704113,0.5311154598825831,0.5635382059800664,0.5371229204946887,0.07875478304678107,1097,904,1198,1357,ann_ergonomic_v2_with_view_none,ergonomic_v2_with_view,none,31
0.31,0.5375329236172081,0.5999107939339875,0.5264187866927593,0.5607671461329998,0.5362352532518997,0.0775727479922997,1104,897,1210,1345,ann_ergonomic_v2_with_view_none,ergonomic_v2_with_view,none,31
0.32,0.5377524143985952,0.6008988764044944,0.5232876712328767,0.5594142259414226,0.536632320726944,0.07894092369715226,1113,888,1218,1337,ann_ergonomic_v2_with_view_none,ergonomic_v2_with_view,none,31
0.33,0.5342405618964003,0.5983643798273512,0.5154598825831702,0.5538267451640033,0.5333412881008263,0.07317583519175207,1117,884,1238,1317,ann_ergonomic_v2_with_view_none,ergonomic_v2_with_view,none,31
0.34,0.5322651448639157,0.5970695970695971,0.510371819960861,0.5503270732221988,0.5315092946719272,0.0701276102419857,1121,880,1251,1304,ann_ergonomic_v2_with_view_none,ergonomic_v2_with_view,none,31
0.35,0.5309482001755926,0.5964912280701754,0.5056751467710372,0.5473416649015039,0.5303321852177754,0.0684651092665399,1127,874,1263,1292,ann_ergonomic_v2_with_view_none,ergonomic_v2_with_view,none,31
0.36,0.5305092186128183,0.5970149253731343,0.5009784735812133,0.5447967652692062,0.5300462412341952,0.068800039319518,1137,864,1275,1280,ann_ergonomic_v2_with_view_none,ergonomic_v2_with_view,none,31
0.37,0.5307287093942055,0.5979333020197276,0.49823874755381603,0.5435525192143467,0.5303580120913649,0.07007991284298609,1145,856,1282,1273,ann_ergonomic_v2_with_view_none,ergonomic_v2_with_view,none,31
0.38,0.5300702370500439,0.598384030418251,0.49275929549902153,0.54045932603563,0.5298299324990636,0.07015245576144168,1156,845,1296,1259,ann_ergonomic_v2_with_view_none,ergonomic_v2_with_view,none,31
0.39,0.5298507462686567,0.5987565758010521,0.4900195694716243,0.538958243650452,0.5296672095995207,0.07044210967511254,1162,839,1303,1252,ann_ergonomic_v2_with_view_none,ergonomic_v2_with_view,none,31
0.4,0.5305092186128183,0.6000962463907603,0.48806262230919767,0.5383121087848046,0.5303750764955504,0.07251027482587347,1170,831,1308,1247,ann_ergonomic_v2_with_view_none,ergonomic_v2_with_view,none,31
0.41,0.5307287093942055,0.6013612056392805,0.48414872798434444,0.5364267129228101,0.5306578009058495,0.07415165909424859,1181,820,1318,1237,ann_ergonomic_v2_with_view_none,ergonomic_v2_with_view,none,31
0.42,0.5309482001755926,0.6021505376344086,0.4821917808219178,0.5355357530971528,0.5309024365131076,0.07522685374602334,1187,814,1323,1232,ann_ergonomic_v2_with_view_none,ergonomic_v2_with_view,none,31
0.43,0.5316066725197541,0.6038480513073508,0.47906066536203523,0.5342645133129638,0.5315914178043848,0.07765712424458338,1198,803,1331,1224,ann_ergonomic_v2_with_view_none,ergonomic_v2_with_view,none,31
0.44,0.5311676909569798,0.6038671294000991,0.4767123287671233,0.5328083989501312,0.531161908726167,0.07734689191325728,1202,799,1337,1218,ann_ergonomic_v2_with_view_none,ergonomic_v2_with_view,none,31
0.45,0.5305092186128183,0.6036889332003988,0.473972602739726,0.5310238982679237,0.5305086531550561,0.0766506787820998,1206,795,1344,1211,ann_ergonomic_v2_with_view_none,ergonomic_v2_with_view,none,31
0.46,0.5298507462686567,0.6036126442548921,0.47084148727984343,0.5290237467018469,0.5298492966638069,0.07607234508873692,1211,790,1352,1203,ann_ergonomic_v2_with_view_none,ergonomic_v2_with_view,none,31
0.47,0.5287532923617209,0.6032388663967612,0.4665362035225049,0.5261531670712867,0.5287391026362764,0.07483812396114234,1217,784,1363,1192,ann_ergonomic_v2_with_view_none,ergonomic_v2_with_view,none,31
0.48,0.5285338015803336,0.6034570411794611,0.4645792563600783,0.5249889429455993,0.5285075433682245,0.07492078652351629,1221,780,1368,1187,ann_ergonomic_v2_with_view_none,ergonomic_v2_with_view,none,31
0.49,0.5296312554872695,0.6051020408163266,0.46418786692759295,0.525359911406423,0.5295931599668617,0.07756654927066145,1227,774,1369,1186,ann_ergonomic_v2_with_view_none,ergonomic_v2_with_view,none,31
0.5,0.5296312554872695,0.605858170606372,0.4614481409001957,0.5238835814263497,0.529562697241043,0.07839702687638837,1234,767,1376,1179,ann_ergonomic_v2_with_view_none,ergonomic_v2_with_view,none,31
0.51,0.531387181738367,0.6086956521739131,0.4602739726027397,0.5241809672386896,0.531279672808534,0.0828117588538715,1245,756,1379,1176,ann_ergonomic_v2_with_view_none,ergonomic_v2_with_view,none,31
0.52,0.5316066725197541,0.6099216710182768,0.45714285714285713,0.5225950782997763,0.5314397192446749,0.08428443001582676,1254,747,1387,1168,ann_ergonomic_v2_with_view_none,ergonomic_v2_with_view,none,31
0.53,0.5311676909569798,0.6099737532808399,0.4547945205479452,0.5210762331838565,0.5309594407535791,0.08399433724140173,1258,743,1393,1162,ann_ergonomic_v2_with_view_none,ergonomic_v2_with_view,none,31
0.54,0.5322651448639157,0.6120507399577167,0.4532289628180039,0.5208005396896784,0.5319972687730279,0.08702965109060413,1267,734,1397,1158,ann_ergonomic_v2_with_view_none,ergonomic_v2_with_view,none,31
0.55,0.5329236172080772,0.6135034556087188,0.45166340508806263,0.5202885482416592,0.5325993639411888,0.0890522704465212,1274,727,1401,1154,ann_ergonomic_v2_with_view_none,ergonomic_v2_with_view,none,31
0.56,0.5309482001755926,0.6121244635193133,0.4465753424657534,0.5164064267933922,0.5305236907033231,0.08605646026724091,1278,723,1414,1141,ann_ergonomic_v2_with_view_none,ergonomic_v2_with_view,none,31
0.57,0.5311676909569798,0.6131820637493247,0.44422700587084146,0.5152065365410804,0.5306589418787,0.08731234110572814,1285,716,1420,1135,ann_ergonomic_v2_with_view_none,ergonomic_v2_with_view,none,31
0.58,0.5322651448639157,0.6150922909880565,0.44344422700587083,0.5153513759381396,0.5316947759860369,0.09012623019077935,1292,709,1422,1133,ann_ergonomic_v2_with_view_none,ergonomic_v2_with_view,none,31
0.59,0.531387181738367,0.6148796498905909,0.43992172211350294,0.512890714122747,0.5307105294022489,0.08920166556326009,1297,704,1431,1124,ann_ergonomic_v2_with_view_none,ergonomic_v2_with_view,none,31
0.6,0.5311676909569798,0.615426997245179,0.4371819960861057,0.5112128146453089,0.5303849817638184,0.08957033950910855,1303,698,1438,1117,ann_ergonomic_v2_with_view_none,ergonomic_v2_with_view,none,31
0.61,0.5340210711150132,0.6202672605790646,0.4360078277886497,0.5120661916800735,0.5330757339412759,0.09666048521215545,1319,682,1441,1114,ann_ergonomic_v2_with_view_none,ergonomic_v2_with_view,none,31
0.62,0.5340210711150132,0.6213483146067416,0.4328767123287671,0.5102652825836217,0.5329220488697887,0.09769551007600996,1327,674,1449,1106,ann_ergonomic_v2_with_view_none,ergonomic_v2_with_view,none,31
0.63,0.5353380158033363,0.6244318181818181,0.4301369863013699,0.5093858632676709,0.5340341865848465,0.10172647425535475,1340,661,1456,1099,ann_ergonomic_v2_with_view_none,ergonomic_v2_with_view,none,31
0.64,0.5370939420544337,0.6281609195402299,0.4277886497064579,0.5089639115250291,0.5355697697546258,0.1066934644435983,1354,647,1462,1093,ann_ergonomic_v2_with_view_none,ergonomic_v2_with_view,none,31
0.65,0.5366549604916594,0.6293706293706294,0.4227005870841487,0.5057363615078436,0.5348347165936244,0.10740116663998045,1365,636,1475,1080,ann_ergonomic_v2_with_view_none,ergonomic_v2_with_view,none,31
0.66,0.5355575065847235,0.6291936433195998,0.4183953033268102,0.5025858015984955,0.533507804051615,0.10627441357539401,1371,630,1486,1069,ann_ergonomic_v2_with_view_none,ergonomic_v2_with_view,none,31
0.67,0.5331431079894644,0.6275327771156138,0.412133072407045,0.49751948972360027,0.5307847499858009,0.10267420701392162,1376,625,1502,1053,ann_ergonomic_v2_with_view_none,ergonomic_v2_with_view,none,31
0.68,0.5316066725197541,0.6273442226255294,0.40587084148727987,0.4928707224334601,0.5288578734516403,0.10118004298270011,1385,616,1518,1037,ann_ergonomic_v2_with_view_none,ergonomic_v2_with_view,none,31
0.69,0.5322651448639157,0.6294261294261294,0.4035225048923679,0.4917720009539709,0.5292769335934726,0.10360368339983606,1394,607,1524,1031,ann_ergonomic_v2_with_view_none,ergonomic_v2_with_view,none,31
0.7,0.5300702370500439,0.6279357231149567,0.39765166340508806,0.48693985142583274,0.5267256454942486,0.10038956400914792,1399,602,1539,1016,ann_ergonomic_v2_with_view_none,ergonomic_v2_with_view,none,31
0.71,0.5298507462686567,0.6285003111387679,0.3953033268101761,0.4853435848149928,0.52630815604386,0.10070074743615995,1404,597,1545,1010,ann_ergonomic_v2_with_view_none,ergonomic_v2_with_view,none,31
0.72,0.5296312554872695,0.6303797468354431,0.3898238747553816,0.48174123337363967,0.5255802811433198,0.10215655032985146,1417,584,1559,996,ann_ergonomic_v2_with_view_none,ergonomic_v2_with_view,none,31
0.73,0.5294117647058824,0.6313099041533546,0.386692759295499,0.4796116504854369,0.5250622354991287,0.10277093240868028,1424,577,1567,988,ann_ergonomic_v2_with_view_none,ergonomic_v2_with_view,none,31
0.74,0.5287532923617209,0.632295719844358,0.3816046966731898,0.47595801806199656,0.5239211825105596,0.10304376643628907,1434,567,1580,975,ann_ergonomic_v2_with_view_none,ergonomic_v2_with_view,none,31
0.75,0.5283143107989464,0.6328534031413613,0.37847358121330726,0.4736713201077639,0.5231748925056616,0.10313576836259016,1440,561,1588,967,ann_ergonomic_v2_with_view_none,ergonomic_v2_with_view,none,31
0.76,0.5287532923617209,0.6350993377483444,0.37534246575342467,0.47183271832718326,0.5232157449373186,0.10540940065291511,1450,551,1596,959,ann_ergonomic_v2_with_view_none,ergonomic_v2_with_view,none,31
0.77,0.5278753292361721,0.6359353970390309,0.3698630136986301,0.46770601336302897,0.5217646611875291,0.10533085541573019,1460,541,1610,945,ann_ergonomic_v2_with_view_none,ergonomic_v2_with_view,none,31
0.78,0.5269973661106233,0.6367989056087552,0.3643835616438356,0.46352999751058005,0.5202831538092645,0.10526684565891979,1470,531,1624,931,ann_ergonomic_v2_with_view_none,ergonomic_v2_with_view,none,31
0.79,0.52414398595259,0.6342817487855655,0.35772994129158514,0.4574574574574575,0.5168444441313871,0.1007055472838604,1474,527,1641,914,ann_ergonomic_v2_with_view_none,ergonomic_v2_with_view,none,31
0.8,0.5250219490781387,0.6373858046380886,0.3549902152641879,0.45600804424333835,0.5172521717126314,0.10400188848683706,1485,516,1648,907,ann_ergonomic_v2_with_view_none,ergonomic_v2_with_view,none,31
0.3,0.6316944688323091,0.6555516140475346,0.7232876712328767,0.6877558615556383,0.6194263523936565,0.24322252525219015,1030,971,707,1848,ann_ergonomic_v2_with_view_balanced,ergonomic_v2_with_view,balanced,31
0.31,0.6323529411764706,0.65625,0.7232876712328767,0.6881400111711041,0.6201993827574313,0.24467361931908516,1033,968,707,1848,ann_ergonomic_v2_with_view_balanced,ergonomic_v2_with_view,balanced,31
0.32,0.6321334503950834,0.6564613741545033,0.7217221135029355,0.6875466070096943,0.6201873910181877,0.24441932146473205,1036,965,711,1844,ann_ergonomic_v2_with_view_balanced,ergonomic_v2_with_view,balanced,31
0.33,0.6330114135206322,0.6575098109168748,0.7213307240704501,0.6879432624113475,0.6212758400495736,0.2464112745168323,1041,960,712,1843,ann_ergonomic_v2_with_view_balanced,ergonomic_v2_with_view,balanced,31
0.34,0.6336698858647937,0.6583273766976412,0.7209393346379648,0.6882122174481599,0.622105576667682,0.2479193204047249,1045,956,713,1842,ann_ergonomic_v2_with_view_balanced,ergonomic_v2_with_view,balanced,31
0.35,0.6343283582089553,0.6590339892665474,0.7209393346379648,0.6885981308411215,0.6228742913642078,0.24936895525159586,1048,953,713,1842,ann_ergonomic_v2_with_view_balanced,ergonomic_v2_with_view,balanced,31
0.36,0.6345478489903424,0.6594982078853047,0.7201565557729941,0.6884939195509823,0.6232488180181246,0.24996855159430414,1051,950,715,1840,ann_ergonomic_v2_with_view_balanced,ergonomic_v2_with_view,balanced,31
0.37,0.6349868305531168,0.6605471562275018,0.7181996086105675,0.6881680105006563,0.6240522508179387,0.2512291744433856,1058,943,720,1835,ann_ergonomic_v2_with_view_balanced,ergonomic_v2_with_view,balanced,31
0.38,0.6358647936786654,0.6616161616161617,0.7178082191780822,0.6885676741130092,0.6251292795928323,0.2532203494286099,1063,938,721,1834,ann_ergonomic_v2_with_view_balanced,ergonomic_v2_with_view,balanced,31
0.39,0.6352063213345039,0.6613661004698229,0.7162426614481409,0.6877113866967306,0.6245944796280487,0.25201145875011394,1064,937,725,1830,ann_ergonomic_v2_with_view_balanced,ergonomic_v2_with_view,balanced,31
0.4,0.6349868305531168,0.6614771904417089,0.7150684931506849,0.687229640774873,0.624510736065961,0.25171028924860267,1066,935,728,1827,ann_ergonomic_v2_with_view_balanced,ergonomic_v2_with_view,balanced,31
0.41,0.6354258121158911,0.6620739666424945,0.7146771037181996,0.6873706004140787,0.6250751396384686,0.25273730171539205,1069,932,729,1826,ann_ergonomic_v2_with_view_balanced,ergonomic_v2_with_view,balanced,31
0.42,0.6352063213345039,0.6621867054122775,0.7135029354207436,0.686887716654107,0.6249895996519746,0.25243843837143537,1071,930,732,1823,ann_ergonomic_v2_with_view_balanced,ergonomic_v2_with_view,balanced,31
0.43,0.6360842844600527,0.663269020749909,0.7131115459882583,0.6872878159185213,0.6260586061219904,0.25443204949824577,1076,925,733,1822,ann_ergonomic_v2_with_view_balanced,ergonomic_v2_with_view,balanced,31
0.44,0.6374012291483757,0.6650822669104205,0.7119373776908023,0.6877126654064272,0.6277391165859975,0.2575154334176456,1085,916,736,1819,ann_ergonomic_v2_with_view_balanced,ergonomic_v2_with_view,balanced,31
0.45,0.6374012291483757,0.6653240571219333,0.7111545988258317,0.6874763526295876,0.6278469060586516,0.25764087806734703,1087,914,738,1817,ann_ergonomic_v2_with_view_balanced,ergonomic_v2_with_view,balanced,31
0.46,0.6378402107111502,0.6662991547225284,0.7095890410958904,0.6872630780894617,0.6285637601083388,0.25885959804384234,1093,908,742,1813,ann_ergonomic_v2_with_view_balanced,ergonomic_v2_with_view,balanced,31
0.47,0.6378402107111502,0.6666666666666666,0.7084148727984344,0.6869070208728653,0.6287215999731323,0.2590516140526891,1096,905,745,1810,ann_ergonomic_v2_with_view_balanced,ergonomic_v2_with_view,balanced,31
0.48,0.6380597014925373,0.6674057649667405,0.7068493150684931,0.6865614902109866,0.6291805113999622,0.2597931726394377,1101,900,749,1806,ann_ergonomic_v2_with_view_balanced,ergonomic_v2_with_view,balanced,31
0.49,0.6391571553994733,0.6690166975881262,0.7056751467710372,0.6868571428571428,0.6305854849448842,0.26240337811317604,1109,892,752,1803,ann_ergonomic_v2_with_view_balanced,ergonomic_v2_with_view,balanced,31
0.5,0.6393766461808604,0.6695167286245353,0.7048923679060666,0.6867492850333651,0.6309360596358964,0.26301809229647516,1112,889,754,1801,ann_ergonomic_v2_with_view_balanced,ergonomic_v2_with_view,balanced,31
0.51,0.6395961369622476,0.6700186219739293,0.7041095890410959,0.6866412213740458,0.6312854867200808,0.26363365585127985,1115,886,756,1799,ann_ergonomic_v2_with_view_balanced,ergonomic_v2_with_view,balanced,31
0.52,0.6400351185250219,0.6709002614867389,0.7029354207436399,0.6865443425076453,0.6319319650682556,0.26480002427624894,1120,881,759,1796,ann_ergonomic_v2_with_view_balanced,ergonomic_v2_with_view,balanced,31
0.53,0.6417910447761194,0.6733007885843034,0.7017612524461839,0.6872364890762744,0.6340650858324361,0.2688652216671163,1131,870,762,1793,ann_ergonomic_v2_with_view_balanced,ergonomic_v2_with_view,balanced,31
0.54,0.6420105355575065,0.6739457831325302,0.700587084148728,0.6870082517750912,0.6344551640828802,0.26955312455276986,1135,866,765,1790,ann_ergonomic_v2_with_view_balanced,ergonomic_v2_with_view,balanced,31
0.55,0.6422300263388938,0.6744624669935874,0.6998043052837574,0.6868997310795236,0.6347965117251178,0.2701737782476279,1138,863,767,1788,ann_ergonomic_v2_with_view_balanced,ergonomic_v2_with_view,balanced,31
0.56,0.6420105355575065,0.6744712990936556,0.6990215264187867,0.6865270036517394,0.6346423711018994,0.2698294652203276,1139,862,769,1786,ann_ergonomic_v2_with_view_balanced,ergonomic_v2_with_view,balanced,31
0.57,0.6420105355575065,0.6744712990936556,0.6990215264187867,0.6865270036517394,0.6346423711018994,0.2698294652203276,1139,862,769,1786,ann_ergonomic_v2_with_view_balanced,ergonomic_v2_with_view,balanced,31
0.58,0.6420105355575065,0.6751326762699015,0.6970645792563601,0.6859233583670326,0.6348728810207196,0.2701793698562383,1144,857,774,1781,ann_ergonomic_v2_with_view_balanced,ergonomic_v2_with_view,balanced,31
0.59,0.6422300263388938,0.6756551462210406,0.6962818003913894,0.6858134155744025,0.6352104794487711,0.2708039215003377,1147,854,776,1779,ann_ergonomic_v2_with_view_balanced,ergonomic_v2_with_view,balanced,31
0.6,0.641352063213345,0.6754285714285714,0.6939334637964775,0.6845559845559845,0.6344956931935568,0.2692992273867412,1149,852,782,1773,ann_ergonomic_v2_with_view_balanced,ergonomic_v2_with_view,balanced,31
0.61,0.641352063213345,0.6758304696449027,0.6927592954990215,0.6841901816776189,0.6346293721999064,0.2695159849897407,1152,849,785,1770,ann_ergonomic_v2_with_view_balanced,ergonomic_v2_with_view,balanced,31
0.62,0.641352063213345,0.6762342135476463,0.6915851272015655,0.6838235294117647,0.634761663286004,0.26973452347218096,1155,846,788,1767,ann_ergonomic_v2_with_view_balanced,ergonomic_v2_with_view,balanced,31
0.63,0.6420105355575065,0.6775557263643351,0.6900195694716242,0.6837308512701182,0.6356707353695724,0.2714802210768805,1162,839,792,1763,ann_ergonomic_v2_with_view_balanced,ergonomic_v2_with_view,balanced,31
0.64,0.6409130816505707,0.6773446545735238,0.6868884540117417,0.6820831713952584,0.6347884339074124,0.2696580768984782,1165,836,800,1755,ann_ergonomic_v2_with_view_balanced,ergonomic_v2_with_view,balanced,31
0.65,0.6411325724319579,0.6780185758513931,0.6857142857142857,0.6818447168709866,0.6351584520675093,0.2703696023092107,1169,832,803,1752,ann_ergonomic_v2_with_view_balanced,ergonomic_v2_with_view,balanced,31
0.66,0.6415715539947322,0.6788207913110939,0.684931506849315,0.6818624586012079,0.6357289171618756,0.27149099600458615,1173,828,805,1750,ann_ergonomic_v2_with_view_balanced,ergonomic_v2_with_view,balanced,31
0.67,0.6404741000877963,0.6784741144414169,0.6821917808219178,0.680327868852459,0.6347978361313449,0.26960793151148316,1175,826,812,1743,ann_ergonomic_v2_with_view_balanced,ergonomic_v2_with_view,balanced,31
0.68,0.6406935908691835,0.6790171606864275,0.6814090019569472,0.6802109787067787,0.6351217678407421,0.2702486026189209,1178,823,814,1741,ann_ergonomic_v2_with_view_balanced,ergonomic_v2_with_view,balanced,31
0.69,0.6406935908691835,0.6794370602032838,0.6802348336594912,0.679835712888715,0.635241687402097,0.27048393763952516,1181,820,817,1738,ann_ergonomic_v2_with_view_balanced,ergonomic_v2_with_view,balanced,31
0.7,0.6411325724319579,0.6803921568627451,0.6790606653620352,0.6797257590597453,0.635844910974844,0.27169138593377645,1186,815,820,1735,ann_ergonomic_v2_with_view_balanced,ergonomic_v2_with_view,balanced,31
0.71,0.6411325724319579,0.6808176100628931,0.6778864970645793,0.679348891939596,0.6359615130019436,0.2719305936745462,1189,812,823,1732,ann_ergonomic_v2_with_view_balanced,ergonomic_v2_with_view,balanced,31
0.72,0.6420105355575065,0.6818897637795276,0.6778864970645793,0.679882237487733,0.6369289205860373,0.27387193097704465,1193,808,823,1732,ann_ergonomic_v2_with_view_balanced,ergonomic_v2_with_view,balanced,31
0.73,0.642449517120281,0.6827150749802684,0.6771037181996086,0.6798978188249165,0.6374880593006014,0.27500374724167526,1197,804,825,1730,ann_ergonomic_v2_with_view_balanced,ergonomic_v2_with_view,balanced,31
0.74,0.6431079894644425,0.683960396039604,0.6759295499021526,0.6799212598425197,0.6383237251593551,0.2767038744448551,1203,798,828,1727,ann_ergonomic_v2_with_view_balanced,ergonomic_v2_with_view,balanced,31
0.75,0.6433274802458296,0.6846703733121525,0.6747553816046967,0.6796767198896116,0.6386747055749122,0.2774352448163583,1207,794,831,1724,ann_ergonomic_v2_with_view_balanced,ergonomic_v2_with_view,balanced,31
0.76,0.6431079894644425,0.6848388380421807,0.6735812133072407,0.6791633780584057,0.6385431133615471,0.27719676517999947,1209,792,834,1721,ann_ergonomic_v2_with_view_balanced,ergonomic_v2_with_view,balanced,31
0.77,0.6426690079016681,0.6851777866560128,0.6712328767123288,0.6781336496638988,0.6382774809740313,0.27672421990436336,1213,788,840,1715,ann_ergonomic_v2_with_view_balanced,ergonomic_v2_with_view,balanced,31
0.78,0.6426690079016681,0.6862193652069104,0.6684931506849315,0.6772402854877082,0.6385218143269416,0.2773161583727909,1220,781,847,1708,ann_ergonomic_v2_with_view_balanced,ergonomic_v2_with_view,balanced,31
0.79,0.642449517120281,0.6871463217461601,0.6653620352250489,0.6760787432889243,0.6385536993446825,0.27751753440344407,1227,774,855,1700,ann_ergonomic_v2_with_view_balanced,ergonomic_v2_with_view,balanced,31
0.8,0.642449517120281,0.6879058441558441,0.6634050880626223,0.675433353257621,0.6387183868658004,0.2779542696148055,1232,769,860,1695,ann_ergonomic_v2_with_view_balanced,ergonomic_v2_with_view,balanced,31
