landmark_0_x,landmark_0_y,landmark_0_z,landmark_1_x,landmark_1_y,landmark_1_z,landmark_2_x,landmark_2_y,landmark_2_z,landmark_3_x,landmark_3_y,landmark_3_z,landmark_4_x,landmark_4_y,landmark_4_z,landmark_5_x,landmark_5_y,landmark_5_z,landmark_6_x,landmark_6_y,landmark_6_z,landmark_7_x,landmark_7_y,landmark_7_z,landmark_8_x,landmark_8_y,landmark_8_z,landmark_9_x,landmark_9_y,landmark_9_z,landmark_10_x,landmark_10_y,landmark_10_z,landmark_11_x,landmark_11_y,landmark_11_z,landmark_12_x,landmark_12_y,landmark_12_z,landmark_13_x,landmark_13_y,landmark_13_z,landmark_14_x,landmark_14_y,landmark_14_z,landmark_15_x,landmark_15_y,landmark_15_z,landmark_16_x,landmark_16_y,landmark_16_z,landmark_17_x,landmark_17_y,landmark_17_z,landmark_18_x,landmark_18_y,landmark_18_z,landmark_19_x,landmark_19_y,landmark_19_z,landmark_20_x,landmark_20_y,landmark_20_z,landmark_21_x,landmark_21_y,landmark_21_z,landmark_22_x,landmark_22_y,landmark_22_z,landmark_23_x,landmark_23_y,landmark_23_z,landmark_24_x,landmark_24_y,landmark_24_z,landmark_25_x,landmark_25_y,landmark_25_z,landmark_26_x,landmark_26_y,landmark_26_z,landmark_27_x,landmark_27_y,landmark_27_z,landmark_28_x,landmark_28_y,landmark_28_z,landmark_29_x,landmark_29_y,landmark_29_z,landmark_30_x,landmark_30_y,landmark_30_z,landmark_31_x,landmark_31_y,landmark_31_z,landmark_32_x,landmark_32_y,landmark_32_z,shoulder_y_diff,shoulder_tilt_angle,torso_lean_angle,head_offset_x,nose_to_shoulder_y,nose_shoulder_clearance_ratio,neck_compression_detected,left_hand_mouth_ratio,right_hand_mouth_ratio,chin_rest_detected,shoulder_width,torso_length,head_shoulder_distance,min_hand_mouth_ratio,source_video,frame_index,timestamp_sec,sample_fps,video_fps,participant_id,view_angle,camera_type,label,prob_incorrect,pred_label,error_type,taxonomy_category,exported_frame,export_success
0.5553277134895325,0.7301621437072754,-0.0540900118649005,0.5402770638465881,0.7729216814041138,-0.0946901962161064,0.5359097123146057,0.7743803858757019,-0.0947390273213386,0.5311177372932434,0.7762494087219238,-0.0947675034403801,0.5418245196342468,0.7729160785675049,-0.0330207720398902,0.5393298864364624,0.7745535373687744,-0.033079195767641,0.5363208651542664,0.7764129042625427,-0.0332601219415664,0.4986808598041534,0.7654232978820801,-0.2104691565036773,0.5054439306259155,0.7634236216545105,0.0650227144360542,0.5395826101303101,0.690870463848114,-0.089748241007328,0.5409057140350342,0.6912237405776978,-0.010278376750648,0.4481921195983886,0.5326591730117798,-0.33621346950531,0.4380284249782562,0.5433916449546814,0.2376501709222793,0.5253985524177551,0.1697499901056289,-0.3507776856422424,0.521015465259552,0.2522145807743072,0.3145151436328888,0.6451421976089478,0.0613537468016147,-0.2087065428495407,0.6213504076004028,0.0961256697773933,0.214364543557167,0.6712973117828369,0.0275262836366891,-0.2387195974588394,0.6588031053543091,0.0852212980389595,0.2203707844018936,0.6782985925674438,0.0514076389372348,-0.224046379327774,0.6707170009613037,0.0971638783812522,0.1607866138219833,0.6715977787971497,0.0635335817933082,-0.1981277465820312,0.6589757204055786,0.105383925139904,0.1858293563127517,0.4495348334312439,-0.0335548371076583,-0.1699665188789367,0.4621091187000274,0.0233266782015562,0.170342668890953,0.7591155171394348,0.0045303329825401,-0.2114724814891815,0.599219024181366,0.0521490834653377,0.2762857675552368,0.785496175289154,-0.2525374293327331,0.07497588545084,0.6571251153945923,-0.2408570200204849,0.3070875406265259,0.7595741152763367,-0.2769233286380768,0.1096810027956962,0.6475978493690491,-0.2866369485855102,0.3088297843933105,0.8679798245429993,-0.313743382692337,0.2037216871976852,0.7405178546905518,-0.3148762583732605,0.337257832288742,0.0107324719429016,46.55916136222661,1.3407127541901738,0.11221744120121,0.1921367347240448,-192136.7347240448,1,43.18775115451958,40.4279380894604,0,0.0147812936624802,0.5432882212157263,0.2225068065030034,40.4279380894604,dataset\external_videos\incorrect\P07_incorrect_side_30_002.mp4,238,7.944428,2.0,29.958105461893133,P07,side_30,external_video,1,0.08,0,false_negative,needs_manual_review,reports\figures\error_cases\false_negative\01_P07_incorrect_side_30_002_frame_238.jpg,True
0.5915723443031311,0.6895965933799744,-0.1764202415943145,0.5765752196311951,0.7352315783500671,-0.2210966646671295,0.5700975060462952,0.7362099885940552,-0.2210708260536193,0.5630214810371399,0.7373773455619812,-0.2213858217000961,0.5834468603134155,0.7379338145256042,-0.1689125150442123,0.5821592211723328,0.7406057119369507,-0.1690139323472976,0.5803073048591614,0.7432135343551636,-0.1692051291465759,0.5225222110748291,0.7277364134788513,-0.2873451113700866,0.5423046946525574,0.7358295917510986,-0.0469910837709903,0.568166971206665,0.6405776739120483,-0.1896471530199051,0.5766053795814514,0.6450483798980713,-0.1205770298838615,0.4636735618114471,0.4823335409164428,-0.3468621373176574,0.5121811628341675,0.5334302186965942,0.1286867558956146,0.5381878614425659,0.1345202922821045,-0.2466488182544708,0.5563667416572571,0.2807187139987945,0.2901916205883026,0.6320618391036987,0.2076795995235443,0.0128671433776617,0.6602124571800232,0.2707937359809875,0.1728777289390564,0.6671411395072937,0.2003876119852066,0.021003820002079,0.7008937001228333,0.2494808584451675,0.1670081913471222,0.6847373843193054,0.2758673131465912,0.0138657698407769,0.6961085200309753,0.2694772481918335,0.1202699467539787,0.6649507284164429,0.2710108160972595,0.0218460578471422,0.6789109706878662,0.2754301428794861,0.1480456739664077,0.4696231782436371,-0.0505939312279224,-0.1425887793302536,0.526022732257843,0.0255056414753198,0.1428239196538925,0.6781136393547058,-0.0334611944854259,-0.3226104378700256,0.6970108151435852,0.0290155746042728,0.1351812183856964,0.7493667602539062,-0.2905908823013305,-0.036430723965168,0.7139984965324402,-0.3396138250827789,0.1420153230428695,0.7402812838554382,-0.3409510254859924,-0.0046018031425774,0.6996562480926514,-0.4035914540290832,0.1432541161775589,0.8578847646713257,-0.3120600879192352,0.0323010496795177,0.7916948795318604,-0.4162074327468872,0.1484735310077667,0.0510966777801514,46.488989991925344,1.0893140790219549,0.1036449819803237,0.1817147135734558,-181714.7135734558,1,5.438271370815755,5.425415337302969,0,0.0704546509263089,0.520520095603002,0.2091949316278593,5.425415337302969,dataset\external_videos\incorrect\P07_incorrect_side_30_002.mp4,868,28.973795,2.0,29.958105461893133,P07,side_30,external_video,1,0.088,0,false_negative,needs_manual_review,reports\figures\error_cases\false_negative\02_P07_incorrect_side_30_002_frame_868.jpg,True
0.574110746383667,0.7023549675941467,-0.2125968188047409,0.5574561953544617,0.746494710445404,-0.2495531737804412,0.5508366227149963,0.7469903826713562,-0.2496058046817779,0.5434718728065491,0.7475469708442688,-0.249916136264801,0.5663260221481323,0.7488349676132202,-0.193535178899765,0.5659165978431702,0.7509043216705322,-0.1935710906982422,0.5650224685668945,0.7530609965324402,-0.1937168687582016,0.5103172063827515,0.7350283861160278,-0.3140348792076111,0.5314781069755554,0.7439489364624023,-0.0649389997124672,0.5543342232704163,0.6530747413635254,-0.2281104773283004,0.5624441504478455,0.6579753160476685,-0.1565379798412323,0.4657931923866272,0.4791425466537475,-0.3819249868392944,0.4966027438640594,0.537570595741272,0.1218418926000595,0.5491962432861328,0.1131749227643013,-0.2905883491039276,0.5433511137962341,0.257295548915863,0.2283048927783966,0.6529338359832764,0.1961540579795837,-0.0399674847722053,0.6422767043113708,0.2512833178043365,0.0866412743926048,0.7020069360733032,0.1943404525518417,-0.0436087734997272,0.6749308705329895,0.2368456870317459,0.0764674320816993,0.7053835391998291,0.2540848851203918,-0.0437892340123653,0.6749232411384583,0.274030476808548,0.0373501814901828,0.6684743165969849,0.2565943300724029,-0.030117955058813,0.6651209592819214,0.2797707617282867,0.0644141808152198,0.4641898870468139,-0.0386590398848056,-0.1542244851589203,0.5115798711776733,0.0382132790982723,0.1545807421207428,0.7101927995681763,-0.0227908622473478,-0.3535217046737671,0.6892977356910706,0.0519221425056457,0.1381538957357406,0.7742062211036682,-0.273058533668518,-0.0134167047217488,0.673831045627594,-0.3713004887104034,0.1653215587139129,0.76029372215271,-0.3187479972839355,0.024108862504363,0.6548374891281128,-0.4274827837944031,0.168655976653099,0.8780816197395325,-0.3239663541316986,0.0640451684594154,0.7378242611885071,-0.4953596293926239,0.1648961901664734,0.0584280490875244,62.19698002957706,0.753293709738196,0.0929127782583236,0.1939983963966369,-193998.39639663696,1,6.265240352842305,5.913670590822889,0,0.0660535039374499,0.5086234101561996,0.2151003537146025,5.913670590822889,dataset\external_videos\incorrect\P07_incorrect_side_30_002.mp4,826,27.571837,2.0,29.958105461893133,P07,side_30,external_video,1,0.096,0,false_negative,needs_manual_review,reports\figures\error_cases\false_negative\03_P07_incorrect_side_30_002_frame_826.jpg,True
0.5735686421394348,0.7307310104370117,-0.1189413592219352,0.5607088804244995,0.7721356749534607,-0.1746010929346084,0.5568495988845825,0.7738630175590515,-0.174678236246109,0.5528135895729065,0.7756863832473755,-0.1747730523347854,0.5610149502754211,0.7718834280967712,-0.1052500307559967,0.5571997761726379,0.7730900049209595,-0.1053062975406646,0.5527082085609436,0.77451092004776,-0.1055165156722068,0.5174797177314758,0.7591878771781921,-0.2927532792091369,0.516925036907196,0.7625458240509033,-0.0360063686966896,0.5545238852500916,0.6906861066818237,-0.1815681010484695,0.554390549659729,0.6923689842224121,-0.0851522237062454,0.4724631905555725,0.5190060138702393,-0.4208124876022339,0.4557086825370788,0.5462552905082703,0.1450385600328445,0.557388186454773,0.1563187390565872,-0.3724786937236786,0.4748347103595733,0.2354966104030609,0.231400579214096,0.6756467819213867,0.0535370558500289,-0.1048145368695259,0.594237208366394,0.0746114403009414,0.2088144570589065,0.6991592645645142,0.0207827743142843,-0.116435021162033,0.6153709292411804,0.0346797257661819,0.2234368622303009,0.7002084255218506,0.04433199390769,-0.1097114905714988,0.6211153268814087,0.0447856783866882,0.1711894124746322,0.6874691247940063,0.0562931522727012,-0.0945905521512031,0.6112183928489685,0.0576732270419597,0.1855859011411667,0.4813956320285797,-0.0520991496741771,-0.1720854938030243,0.4632516503334045,0.0320991426706314,0.1725479215383529,0.7873884439468384,-0.0601977594196796,-0.2506181895732879,0.6964038610458374,0.054998155683279,0.2980164289474487,0.7651872038841248,-0.2978755533695221,0.0621278807520866,0.6574878692626953,-0.2894461750984192,0.3353882133960724,0.7311608195304871,-0.3154288828372955,0.107444629073143,0.6320284008979797,-0.3352665305137634,0.337072879076004,0.8325528502464294,-0.3797169327735901,0.2472734153270721,0.7158435583114624,-0.4065024852752685,0.3872345983982086,0.027249276638031,58.41427762751324,0.8697434431251876,0.1094827055931091,0.1981003582477569,-198100.35824775696,1,20.289148797974413,19.325871284821908,0,0.0319880699048522,0.5426931806032969,0.2263409259543599,19.325871284821908,dataset\external_videos\incorrect\P07_incorrect_side_30_002.mp4,112,3.738554,2.0,29.958105461893133,P07,side_30,external_video,1,0.112,0,false_negative,needs_manual_review,reports\figures\error_cases\false_negative\04_P07_incorrect_side_30_002_frame_112.jpg,True
0.581343412399292,0.6943150758743286,-0.2154402583837509,0.5658714771270752,0.7387958765029907,-0.2520745992660522,0.5590185523033142,0.7396625280380249,-0.2521428167819977,0.5513702034950256,0.7408064007759094,-0.2524368464946747,0.5750064253807068,0.7412551641464233,-0.1999208778142929,0.5745320916175842,0.7436884045600891,-0.1999797374010086,0.5735006332397461,0.7460997104644775,-0.200186014175415,0.5137732625007629,0.7310866117477417,-0.3145995438098907,0.5382532477378845,0.738930881023407,-0.0799397006630897,0.5587566494941711,0.6467588543891907,-0.2296888083219528,0.5681621432304382,0.6507851481437683,-0.162093386054039,0.4627345502376556,0.4806095957756042,-0.3677500188350677,0.5110617280006409,0.5384608507156372,0.0893359705805778,0.5374308228492737,0.1340937614440918,-0.2788760960102081,0.5572817921638489,0.2809350490570068,0.2351358383893966,0.6312971115112305,0.2097272276878357,-0.0606814101338386,0.6555196046829224,0.2693711519241333,0.1238143518567085,0.6666759252548218,0.1993249058723449,-0.0643428415060043,0.7012309432029724,0.2438459545373916,0.1147541552782058,0.6882262825965881,0.272900253534317,-0.0638521462678909,0.697620689868927,0.2622442543506622,0.0615259446203708,0.6620370745658875,0.2704669535160064,-0.0512532480061054,0.6787376999855042,0.2700371742248535,0.0977528989315033,0.4658835828304291,-0.0179019812494516,-0.1404470950365066,0.5218050479888916,0.0408851839601993,0.1407899409532547,0.6573804020881653,-0.045048851519823,-0.2836757898330688,0.6688004732131958,-0.0080477129667997,0.0973577052354812,0.6967290043830872,-0.3339489698410034,-0.0299254357814788,0.6687422394752502,-0.3999207317829132,0.1515830904245376,0.6779516935348511,-0.3893201947212219,-0.0032764470670372,0.6478385329246521,-0.4619971811771393,0.156687244772911,0.7857234477996826,-0.3805593252182007,0.0054518361575901,0.7540534734725952,-0.5101372599601746,0.1357177197933197,0.057851254940033,50.12564483157372,0.7990480466188806,0.0944452732801437,0.1847798526287078,-184779.8526287079,1,5.186161873018089,5.179163735492635,0,0.0753809247002971,0.4980920584295779,0.2075174777758443,5.179163735492635,dataset\external_videos\incorrect\P07_incorrect_side_30_002.mp4,854,28.506476,2.0,29.958105461893133,P07,side_30,external_video,1,0.112,0,false_negative,needs_manual_review,reports\figures\error_cases\false_negative\05_P07_incorrect_side_30_002_frame_854.jpg,True
0.5745202898979187,0.6983394622802734,-0.1985121518373489,0.5593364834785461,0.741756021976471,-0.2345905005931854,0.5526350736618042,0.7424778938293457,-0.2347029894590377,0.5450448393821716,0.7434597611427307,-0.23497074842453,0.5680665969848633,0.7443564534187317,-0.1828636676073074,0.5675722360610962,0.7465909719467163,-0.1829106509685516,0.5665568113327026,0.7488455772399902,-0.1830936074256897,0.5108325481414795,0.7333180904388428,-0.3032474219799042,0.5333261489868164,0.7411330938339233,-0.070003405213356,0.5552080869674683,0.6508091688156128,-0.2154221981763839,0.5627032518386841,0.655033528804779,-0.1481339782476425,0.4671569466590881,0.4801000952720642,-0.3741773664951324,0.4969485402107239,0.5384824275970459,0.0915040895342826,0.5375737547874451,0.1292571723461151,-0.2823593020439148,0.5486847162246704,0.270505428314209,0.2218645513057708,0.6374647617340088,0.2166208028793335,-0.0976056382060051,0.6505693197250366,0.2716105282306671,0.0874717533588409,0.6763250231742859,0.2002178430557251,-0.1078497618436813,0.691917359828949,0.247894287109375,0.0779866948723793,0.6966859102249146,0.2844679057598114,-0.1008088216185569,0.6944013833999634,0.2741456627845764,0.0252139344811439,0.6652544736862183,0.2819783985614776,-0.0866356641054153,0.6775516271591187,0.2814607918262481,0.0606224909424781,0.4668968617916107,-0.020768342539668,-0.1417329758405685,0.5097067356109619,0.0412580966949462,0.1421357244253158,0.6558369398117065,-0.0494306944310665,-0.2327195256948471,0.6534013152122498,-0.0132802128791809,0.1632838249206543,0.6760390400886536,-0.3268524706363678,0.002963155740872,0.6586388945579529,-0.3648719787597656,0.2411606907844543,0.6541696190834045,-0.3803430199623108,0.0253175869584083,0.6407062411308289,-0.4229339361190796,0.2462466359138488,0.7597668170928955,-0.3588146865367889,0.0482745021581649,0.7353198528289795,-0.4710720479488373,0.2271256148815155,0.0583823323249816,62.96548834602972,0.7174198468560258,0.0924675464630127,0.1890482008457183,-189048.2008457184,1,5.887225150910752,5.949169395212669,0,0.0655441513336656,0.4990855081360638,0.2104506340971499,5.887225150910752,dataset\external_videos\incorrect\P07_incorrect_side_30_002.mp4,840,28.039156,2.0,29.958105461893133,P07,side_30,external_video,1,0.12,0,false_negative,needs_manual_review,reports\figures\error_cases\false_negative\06_P07_incorrect_side_30_002_frame_840.jpg,True
0.6025214791297913,0.7090343832969666,-0.0932024046778678,0.5856994986534119,0.7571272850036621,-0.1323125958442688,0.5801023840904236,0.7583435773849487,-0.1323479264974594,0.573928952217102,0.7597625255584717,-0.1324542909860611,0.590668797492981,0.7582128047943115,-0.0865692347288131,0.5889931917190552,0.7601854801177979,-0.0867339000105857,0.5868238210678101,0.7626644372940063,-0.0871167555451393,0.5350645184516907,0.7477769255638123,-0.2294553369283676,0.5510731339454651,0.7538407444953918,0.027467306703329,0.5841317772865295,0.6630472540855408,-0.1202946975827217,0.5900102257728577,0.6664779186248779,-0.0628231838345527,0.4946255683898926,0.5049076676368713,-0.3530913591384887,0.5018199682235718,0.5553153157234192,0.2349545508623123,0.5397201776504517,0.1360648274421692,-0.2554589807987213,0.5364252328872681,0.2466502487659454,0.2122492045164108,0.6258061528205872,0.1886515319347381,0.1025264337658882,0.6281810402870178,0.2040468901395797,-0.0464908331632614,0.6532375812530518,0.1915552914142608,0.1118093654513359,0.6662884950637817,0.2107612937688827,-0.0558004975318908,0.6395817399024963,0.233574241399765,0.1222585514187812,0.6657295823097229,0.2412704676389694,-0.0984150841832161,0.626998782157898,0.2392996847629547,0.1188836544752121,0.6534450054168701,0.2451926320791244,-0.0738090649247169,0.4798270463943481,-0.0118557093665003,-0.1717268675565719,0.492373526096344,0.0483030453324317,0.1724626421928405,0.7722217440605164,0.0086577581241726,-0.2854120433330536,0.6702989339828491,0.1493545323610305,0.2854320108890533,0.796518087387085,-0.1614063531160354,0.0324592404067516,0.6666878461837769,-0.1026077717542648,0.2513962388038635,0.7788584232330322,-0.1811497211456298,0.0704599991440773,0.6538019776344299,-0.1450570672750473,0.2470582127571106,0.8681808114051819,-0.1797317564487457,0.1577537059783935,0.7198212742805481,-0.1418354362249374,0.2854755818843841,0.0504076480865478,81.87735294292254,1.356619996626821,0.104298710823059,0.1789228916168213,-178922.8916168213,1,8.392481814873095,8.342504366991266,0,0.050918467912773,0.5120313453498364,0.2071029266424713,8.342504366991266,dataset\external_videos\incorrect\P07_incorrect_side_30_002.mp4,630,21.029367,2.0,29.958105461893133,P07,side_30,external_video,1,0.124,0,false_negative,needs_manual_review,reports\figures\error_cases\false_negative\07_P07_incorrect_side_30_002_frame_630.jpg,True
0.5974788069725037,0.6856052279472351,-0.1616687625646591,0.582399308681488,0.7329051494598389,-0.2116615921258926,0.5762588381767273,0.7339627742767334,-0.2115961462259292,0.5694752335548401,0.7351698875427246,-0.2117059230804443,0.5880845189094543,0.7357264757156372,-0.152310773730278,0.5864270329475403,0.738602876663208,-0.1524216532707214,0.58421790599823,0.7414159178733826,-0.1525459438562393,0.5276039242744446,0.7260878682136536,-0.2581949830055237,0.5446875095367432,0.7340822219848633,-0.0306428335607051,0.5749367475509644,0.637387216091156,-0.1879096329212188,0.5822247266769409,0.641470730304718,-0.1129684820771217,0.464315801858902,0.4834580719470978,-0.3157463669776916,0.5134183168411255,0.5319356918334961,0.1454855501651764,0.5342298150062561,0.1351078152656555,-0.2387306839227676,0.5579119920730591,0.2759314775466919,0.2504068315029144,0.6241475343704224,0.2028734982013702,-0.0193534828722476,0.6535815000534058,0.2614274621009826,0.0445111319422721,0.6641741394996643,0.1976550817489624,-0.0171686764806509,0.6923254132270813,0.2445158511400222,0.026162689551711,0.6687806248664856,0.282086968421936,-0.0187337398529052,0.6884865164756775,0.2748956680297851,-0.0117600280791521,0.63926762342453,0.2636988162994385,-0.0096319271251559,0.6729021668434143,0.2779369950294494,0.0203220043331384,0.4695586562156677,-0.04673483222723,-0.1458983272314071,0.5292909145355225,0.0315348878502845,0.1462167799472808,0.6823839545249939,-0.0330252945423126,-0.3374355733394623,0.7080110907554626,0.043213065713644,0.107830062508583,0.7448171973228455,-0.2904036939144134,-0.0292390882968902,0.700515866279602,-0.3388386070728302,0.1479844003915786,0.7326425909996033,-0.3391284644603729,0.0034036547876894,0.686077892780304,-0.402407705783844,0.1520551592111587,0.8500226140022278,-0.3188259899616241,0.0292254667729139,0.7744424939155579,-0.4355397522449493,0.1470585167407989,0.0484776198863983,44.633087592582655,1.1737477432236074,0.1086117476224899,0.1779083460569381,-177908.34605693817,1,5.341232156618189,5.414337926673317,0,0.0690009899018094,0.5154049993959198,0.2084415777102224,5.341232156618189,dataset\external_videos\incorrect\P07_incorrect_side_30_002.mp4,882,29.441114,2.0,29.958105461893133,P07,side_30,external_video,1,0.128,0,false_negative,needs_manual_review,reports\figures\error_cases\false_negative\08_P07_incorrect_side_30_002_frame_882.jpg,True
0.615785539150238,0.7145372629165649,-0.0528632216155529,0.6042832732200623,0.7591574192047119,-0.1021099537611007,0.6007014513015747,0.7611517310142517,-0.1022129356861114,0.5968140959739685,0.7634820938110352,-0.1025073006749153,0.603183388710022,0.7590231895446777,-0.0307537987828254,0.5993784666061401,0.7607346773147583,-0.030717734247446,0.5952525734901428,0.7625925540924072,-0.0308257117867469,0.5620295405387878,0.7542676329612732,-0.2592378258705139,0.5613985061645508,0.7544488310813904,0.0694275796413421,0.596352756023407,0.6805219650268555,-0.1042904034256935,0.5949628353118896,0.6786705255508423,-0.0099120130762457,0.5001346468925476,0.5202456712722778,-0.3779288232326507,0.4641512632369995,0.5462703704833984,0.2444746345281601,0.554366409778595,0.1564700305461883,-0.3532858788967132,0.4918419420719147,0.2071129828691482,0.1936371177434921,0.624828040599823,0.1364061385393142,0.0386625044047832,0.5914590954780579,0.1796549409627914,-0.0700399056077003,0.6511695981025696,0.1704517602920532,0.0410319194197654,0.6059545278549194,0.169113427400589,-0.0867011770606041,0.6517311930656433,0.2098044753074646,0.0463188141584396,0.6147267818450928,0.1998077034950256,-0.1182119026780128,0.6455209255218506,0.2094092667102813,0.0516808219254016,0.6055824756622314,0.2022446542978286,-0.0949349477887153,0.5066630840301514,-0.0285684838891029,-0.181916132569313,0.4706305265426636,0.0295681655406951,0.182578295469284,0.8186867833137512,-0.0007363987388089,-0.2419597655534744,0.6898683905601501,0.117174819111824,0.3589689135551452,0.8100497126579285,-0.1355422586202621,0.1491200178861618,0.6564216613769531,-0.0903854370117187,0.361815333366394,0.784738302230835,-0.1476696580648422,0.1993793398141861,0.6327039003372192,-0.1220459416508674,0.362566590309143,0.872484028339386,-0.1540127247571945,0.3449024856090545,0.7019101977348328,-0.126739352941513,0.4275385737419128,0.0260246992111206,35.876039002250586,0.6994255028241508,0.1336425840854644,0.1812792420387268,-181279.2420387268,1,10.647211353739277,10.75149803198894,0,0.044408207218167,0.532797877698541,0.2252165710492363,10.647211353739277,dataset\external_videos\incorrect\P07_incorrect_side_30_002.mp4,126,4.205873,2.0,29.958105461893133,P07,side_30,external_video,1,0.132,0,false_negative,needs_manual_review,reports\figures\error_cases\false_negative\09_P07_incorrect_side_30_002_frame_126.jpg,True
0.496992290019989,0.6880326271057129,-0.3999125361442566,0.4805190861225128,0.7276098728179932,-0.4368661642074585,0.472826212644577,0.7280031442642212,-0.4369001686573028,0.463778018951416,0.7285395264625549,-0.4370497465133667,0.4913006722927093,0.7295828461647034,-0.3898032903671264,0.4918794631958008,0.7312667369842529,-0.3900081217288971,0.4919300377368927,0.733568012714386,-0.3903277516365051,0.4230572283267975,0.7145727276802063,-0.4673135578632355,0.4548508524894714,0.726901113986969,-0.2590611279010772,0.4778090417385101,0.6411780714988708,-0.3993054628372192,0.4892013370990753,0.6443303227424622,-0.3391527831554413,0.3884877264499664,0.4560284912586212,-0.4923602640628814,0.4519890546798706,0.530692994594574,-0.0735792592167854,0.5140394568443298,0.1421397030353546,-0.4211644828319549,0.5412142872810364,0.2941519320011139,0.0135014951229095,0.6080824732780457,0.0906543359160423,-0.2522149384021759,0.623362123966217,0.1424106806516647,-0.1011556386947631,0.6402301788330078,0.0590240731835365,-0.2700121998786926,0.652108907699585,0.1214314103126525,-0.1123481467366218,0.6340058445930481,0.0869485810399055,-0.2769308090209961,0.6487511396408081,0.1339830160140991,-0.1567335277795791,0.6296664476394653,0.1119886860251426,-0.2481364458799362,0.6363903880119324,0.1436708122491836,-0.1232624053955078,0.4257105588912964,-0.0351180993020534,-0.140133649110794,0.4804032444953918,0.0238782428205013,0.1404366940259933,0.5599544048309326,-0.2023452669382095,-0.2134732753038406,0.6299664378166199,-0.0814825594425201,0.1339794993400573,0.5998006463050842,-0.5795461535453796,-0.0622148886322975,0.6774657964706421,-0.4897390902042389,0.208226278424263,0.5835747122764587,-0.6359030604362488,-0.0486344806849956,0.6659876704216003,-0.5521426200866699,0.216895580291748,0.6725984811782837,-0.6786186695098877,-0.1357025206089019,0.7570889592170715,-0.5966116189956665,0.1744909584522247,0.0746645033359527,49.61920636680839,3.762987066911727,0.0767538994550705,0.1946718841791153,-194671.8841791153,1,5.616640014789553,5.300364877983309,0,0.0980163595802585,0.500058761418425,0.2092565496499594,5.300364877983309,dataset\external_videos\incorrect\P07_incorrect_side_30_002.mp4,1400,46.731927,2.0,29.958105461893133,P07,side_30,external_video,1,0.144,0,false_negative,needs_manual_review,reports\figures\error_cases\false_negative\10_P07_incorrect_side_30_002_frame_1400.jpg,True
0.590340256690979,0.709039568901062,-0.0314589887857437,0.5718834400177002,0.7520493865013123,-0.0773101598024368,0.5669766068458557,0.7534158825874329,-0.0773657709360122,0.5614898204803467,0.7551301121711731,-0.0775624364614486,0.5760602355003357,0.7541765570640564,-0.0178933162242174,0.5742282271385193,0.757073163986206,-0.0180217642337083,0.5718544125556946,0.7601361870765686,-0.0183777716010808,0.5270166993141174,0.7428736686706543,-0.1817142069339752,0.5384619235992432,0.7466158866882324,0.072150632739067,0.5726838707923889,0.6658943891525269,-0.0654416978359222,0.576598048210144,0.670987606048584,0.009741798043251,0.4847840666770935,0.5061009526252747,-0.2906412184238434,0.4851693212985992,0.5374434590339661,0.2313510030508041,0.5587459206581116,0.1384068578481674,-0.2246799618005752,0.5498787760734558,0.2368789315223693,0.3356196582317352,0.6404855847358704,0.1254723370075225,-0.0467572286725044,0.645986020565033,0.1487369388341903,0.2082817554473877,0.6645419001579285,0.1172497794032096,-0.0594435930252075,0.6888708472251892,0.126961663365364,0.2008745521306991,0.6597753167152405,0.152210921049118,-0.0590748935937881,0.6995554566383362,0.1493139714002609,0.1476165354251861,0.6453531384468079,0.1647389531135559,-0.0396926812827587,0.6847975254058838,0.1539796143770218,0.1801814585924148,0.4662021398544311,-0.0171851348131895,-0.1534917950630188,0.4838438034057617,0.0104743242263793,0.1540785729885101,0.7149649858474731,-0.0350722186267375,-0.2094134986400604,0.6798874139785767,-0.0076431920751929,0.1536998301744461,0.7009952068328857,-0.3516277372837066,0.0028915228322148,0.6410362124443054,-0.3611628413200378,0.2024736404418945,0.671168863773346,-0.394618958234787,0.0265654418617486,0.6171148419380188,-0.409799575805664,0.2042477130889892,0.7807821035385132,-0.4357877373695373,0.0524914599955081,0.7015568017959595,-0.466810405254364,0.2013726979494094,0.0313425064086914,89.29576939415762,1.08590366036892,0.1053635627031326,0.1872673630714416,-187267.36307144165,1,16.227255824851234,16.735697556898018,0,0.0313448740482754,0.5252219383770547,0.2148733245827134,16.227255824851234,dataset\external_videos\incorrect\P07_incorrect_side_30_002.mp4,1260,42.058734,2.0,29.958105461893133,P07,side_30,external_video,1,0.148,0,false_negative,needs_manual_review,reports\figures\error_cases\false_negative\11_P07_incorrect_side_30_002_frame_1260.jpg,True
0.5900830030441284,0.7091770768165588,-0.0296384561806917,0.5715206861495972,0.7521381378173828,-0.0738286450505256,0.5667033791542053,0.7535039782524109,-0.0739188492298126,0.5613515973091125,0.7552217841148376,-0.0741126164793968,0.5754667520523071,0.7542526721954346,-0.0153376925736665,0.5735960006713867,0.7571256160736084,-0.0153454793617129,0.5711492896080017,0.7601713538169861,-0.0155626442283391,0.5269932746887207,0.7429105043411255,-0.1834846884012222,0.5376919507980347,0.7467068433761597,0.0770661085844039,0.5726739168167114,0.6659010648727417,-0.0619517192244529,0.5764761567115784,0.6711400747299194,0.0138559220358729,0.4879085123538971,0.5058481097221375,-0.2992843985557556,0.4826723337173462,0.5407190322875977,0.2476882338523864,0.5641991496086121,0.1342298537492752,-0.2015357017517089,0.5401226878166199,0.2319669276475906,0.3531222641468048,0.6446963548660278,0.1465265750885009,0.0963382422924041,0.6441722512245178,0.1483070105314254,0.236279085278511,0.6699968576431274,0.1419645994901657,0.0985412299633026,0.6788636445999146,0.1234403848648071,0.2344149053096771,0.6629063487052917,0.1807282567024231,0.0958269909024238,0.6869593858718872,0.1465331614017486,0.180467426776886,0.6506912112236023,0.1885127574205398,0.1057363897562027,0.6726340055465698,0.1522602438926696,0.2091661542654037,0.4752763509750366,-0.0174419656395912,-0.1574151217937469,0.4806918203830719,0.0104131447151303,0.1580615788698196,0.7661182284355164,-0.0052397795952856,-0.2236668020486831,0.646783173084259,0.032129231840372,0.2552171647548675,0.7804334163665771,-0.2698510885238647,0.0040832152590155,0.6233503222465515,-0.3083395659923553,0.2234284430742263,0.7560181021690369,-0.3095710277557373,0.0332685559988021,0.6025578379631042,-0.3587774634361267,0.2207891643047332,0.863604724407196,-0.3353272378444671,0.1275149136781692,0.6798763275146484,-0.4039930999279022,0.2480637282133102,0.0348709225654602,81.46033182305298,0.7946033777854595,0.1047925800085067,0.1858935058116912,-185893.50581169128,1,13.78274752838958,14.88431027672278,0,0.0352618605192663,0.526848646048727,0.2133960644618372,13.78274752838958,dataset\external_videos\incorrect\P07_incorrect_side_30_002.mp4,1246,41.591415,2.0,29.958105461893133,P07,side_30,external_video,1,0.168,0,false_negative,needs_manual_review,reports\figures\error_cases\false_negative\12_P07_incorrect_side_30_002_frame_1246.jpg,True
0.4729219377040863,0.6720564961433411,-0.1158212348818779,0.4745873212814331,0.6964814066886902,-0.0946722999215126,0.4757911264896393,0.6982905864715576,-0.0948650613427162,0.4773512780666351,0.7005457878112793,-0.095109075307846,0.4778960049152374,0.6982857584953308,-0.1490299105644226,0.4813112914562225,0.7014133930206299,-0.1489263921976089,0.4851230382919311,0.7050308585166931,-0.1489981859922409,0.5004670023918152,0.7108286023139954,0.0082893101498484,0.5118871331214905,0.7098323106765747,-0.2349397242069244,0.4827042520046234,0.6502783894538879,-0.0714960396289825,0.4864093959331512,0.6545113921165466,-0.1418483555316925,0.5196999311447144,0.5775631666183472,0.1439550518989563,0.5737939476966858,0.5682023763656616,-0.313639223575592,0.4905856847763061,0.3850255608558655,0.2735768556594848,0.5308015942573547,0.345558613538742,-0.3497644960880279,0.4153369963169098,0.4177126288414001,0.1830587536096573,0.4211789071559906,0.4265121519565582,-0.3202729523181915,0.3872664272785187,0.4145792126655578,0.1669380664825439,0.3896222710609436,0.4339865446090698,-0.3667146861553192,0.383100152015686,0.4522404074668884,0.1340344995260238,0.3901529908180237,0.4670921266078949,-0.3502616286277771,0.3967739641666412,0.4529247879981994,0.1637836396694183,0.400820642709732,0.466301828622818,-0.3115387856960296,0.5180778503417969,0.2053644955158233,0.1299840807914734,0.5579848885536194,0.1613364815711975,-0.1294633895158767,0.419880747795105,0.0804179385304451,0.2575265765190124,0.4220968186855316,0.0452847853302955,0.0123111950233578,0.4150184094905853,-0.1288641542196273,0.4660214781761169,0.4211058616638183,-0.169005736708641,0.3036993741989136,0.4316043257713318,-0.1643755733966827,0.4826331436634063,0.4412342011928558,-0.2037120759487152,0.3362848162651062,0.3640583157539367,-0.1837437003850937,0.4590027928352356,0.3661575615406036,-0.2296475917100906,0.3041876852512359,0.0093607902526855,9.817618515441334,1.2817476042183986,0.0738250017166137,0.0991737246513366,-99173.72465133668,1,3.969755796662251,3.717161844788434,0,0.0548979691872088,0.3896297737840624,0.1236347788434838,3.717161844788434,dataset\external_videos\correct\P06_correct_side_90_001.mp4,2548,85.001783,2.0,29.97584182563193,P06,side_90,external_video,0,0.964,1,false_positive,needs_manual_review,reports\figures\error_cases\false_positive\01_P06_correct_side_90_001_frame_2548.jpg,True
0.4671290218830108,0.6840807199478149,-0.1331876814365387,0.4708392024040222,0.7140957117080688,-0.114756591618061,0.4715378582477569,0.7155571579933167,-0.114935927093029,0.4725198447704315,0.717207133769989,-0.1151360124349594,0.4745091795921325,0.7143227458000183,-0.1638746857643127,0.4780265688896179,0.7158547043800354,-0.1638139337301254,0.482371985912323,0.7176147103309631,-0.1639008373022079,0.4949084520339966,0.7184863090515137,-0.0210984107106924,0.5092684626579285,0.7169044017791748,-0.2401616722345352,0.4738329350948334,0.6605894565582275,-0.0920113399624824,0.4785549938678741,0.6617450714111328,-0.1552290767431259,0.5166457891464233,0.5793191194534302,0.1088629141449928,0.5712034106254578,0.5676664113998413,-0.2899672091007232,0.4968110918998718,0.3931779563426971,0.2224923223257064,0.5525410771369934,0.3303135931491852,-0.3081060647964477,0.4206405580043793,0.429621934890747,0.1242935210466384,0.4437407553195953,0.3913757503032684,-0.2737017273902893,0.3930549919605255,0.4435596466064453,0.1048768609762191,0.4109288156032562,0.4008466005325317,-0.3149725794792175,0.3908661007881164,0.4694631099700928,0.0689808055758476,0.4126671552658081,0.4462824165821075,-0.299943596124649,0.4042566418647766,0.4667720198631286,0.103532925248146,0.4246425032615661,0.4451325237751007,-0.2647577226161957,0.5203821659088135,0.2126629501581192,0.1194363534450531,0.5538740754127502,0.1604318469762802,-0.1188508048653602,0.4330978095531463,0.1047903597354888,0.260455459356308,0.4178011119365692,0.0443267971277236,-0.0169231034815311,0.4329138100147247,-0.1101786866784095,0.474157452583313,0.4321289956569671,-0.164717748761177,0.2583253085613251,0.4481826722621918,-0.1476893275976181,0.4925673604011535,0.4548585116863251,-0.1942438632249832,0.2904415726661682,0.3802930116653442,-0.1651725620031356,0.4770900309085846,0.3824227750301361,-0.2297975867986679,0.2796435356140136,0.0116527080535888,12.056384744676388,1.0062648900287394,0.0767955780029297,0.1105879545211792,-110587.9545211792,1,3.715461184276831,3.981137062639247,0,0.0557881677995591,0.3870050504371248,0.1346375002961005,3.715461184276831,dataset\external_videos\correct\P06_correct_side_90_001.mp4,882,29.423694,2.0,29.97584182563193,P06,side_90,external_video,0,0.964,1,false_positive,needs_manual_review,reports\figures\error_cases\false_positive\02_P06_correct_side_90_001_frame_882.jpg,True
0.4666875302791595,0.6826950907707214,-0.1300103068351745,0.4705162346363067,0.7128434777259827,-0.1114812791347503,0.4712919294834137,0.714472234249115,-0.1116632521152496,0.4723246991634369,0.7162845730781555,-0.1118503883481025,0.474036693572998,0.7130036950111389,-0.1601283699274063,0.4774883091449737,0.7146753668785095,-0.1600720137357711,0.4816627502441406,0.7165787816047668,-0.1601660847663879,0.4947290420532226,0.7179886698722839,-0.0177583508193492,0.5082905888557434,0.7162586450576782,-0.2359179854393005,0.4735991358757019,0.6593360900878906,-0.0890223532915115,0.4779413044452667,0.6606518626213074,-0.1516713052988052,0.5162455439567566,0.5793813467025757,0.1076647192239761,0.5714566707611084,0.5684557557106018,-0.2862797081470489,0.4944681525230407,0.3961015939712524,0.2141066342592239,0.5525318384170532,0.3310346007347107,-0.2982279658317566,0.4202993810176849,0.4334589540958404,0.1025280505418777,0.4437123537063598,0.3925948739051819,-0.2539919018745422,0.3914208114147186,0.4443313181400299,0.078529268503189,0.4107766449451446,0.4011335670948028,-0.2924709618091583,0.3906909823417663,0.4716376960277557,0.0457683056592941,0.4125228226184845,0.4488680064678192,-0.2796972393989563,0.4041953682899475,0.4686723351478576,0.0825291126966476,0.4246160387992859,0.448074609041214,-0.2451893985271453,0.519957423210144,0.2127229124307632,0.1194455102086067,0.5538507699966431,0.1609103977680206,-0.118855245411396,0.4277977049350738,0.1055485606193542,0.2559157311916351,0.4190860390663147,0.0442154817283153,-0.0227304827421903,0.4308605194091797,-0.1100577414035797,0.4643076360225677,0.4310892820358276,-0.1761336475610733,0.2136207073926925,0.4468441903591156,-0.1480354070663452,0.4819828867912292,0.4521710574626922,-0.2128092050552368,0.2415725886821746,0.3792060613632202,-0.1684160530567169,0.4650132060050964,0.3752236664295196,-0.2448556721210479,0.2182184010744094,0.0109255909919738,11.193502420360671,1.0281315530122437,0.077163577079773,0.1087765395641326,-108776.53956413268,1,3.629447409483836,3.873472897472531,0,0.0562817649112935,0.3871642273354094,0.13336623705906,3.629447409483836,dataset\external_videos\correct\P06_correct_side_90_001.mp4,868,28.956651,2.0,29.97584182563193,P06,side_90,external_video,0,0.964,1,false_positive,needs_manual_review,reports\figures\error_cases\false_positive\03_P06_correct_side_90_001_frame_868.jpg,True
0.4663566648960113,0.6836655735969543,-0.1351436674594879,0.4704337120056152,0.7145084738731384,-0.1164969280362129,0.4712438583374023,0.7160699963569641,-0.1166829243302345,0.4722976088523865,0.7177634239196777,-0.1168810203671455,0.4738274216651916,0.7146764397621155,-0.1655429303646087,0.4772253036499023,0.7162919640541077,-0.1654993444681167,0.4813153147697449,0.718009889125824,-0.1656039506196975,0.4947205185890198,0.718992292881012,-0.0215902999043464,0.5080189108848572,0.7173755764961243,-0.2421383261680603,0.4734544157981872,0.6598148941993713,-0.0937074944376945,0.4775305688381195,0.6612723469734192,-0.1570479124784469,0.5156592726707458,0.5790807604789734,0.1057933717966079,0.5705882906913757,0.5684736967086792,-0.2933429777622223,0.4941376447677612,0.3961349427700043,0.2098891288042068,0.552483320236206,0.3310855031013489,-0.3125329911708832,0.4199650883674621,0.4336127638816833,0.0934736281633377,0.4436804056167602,0.3915887773036957,-0.2737012505531311,0.3905939161777496,0.4446597695350647,0.0694372653961181,0.4107418358325958,0.4003271758556366,-0.3137604296207428,0.3904284536838531,0.4719542860984802,0.0375614948570728,0.412353903055191,0.4482322633266449,-0.3009819686412811,0.4040643870830536,0.4687144458293915,0.0737994760274887,0.4244544208049774,0.4472615122795105,-0.2650505304336548,0.5201866030693054,0.2116676867008209,0.119659274816513,0.5537416338920593,0.1605254858732223,-0.1190600618720054,0.4289502799510956,0.1082664877176284,0.2611333429813385,0.419894814491272,0.0438083074986934,-0.0171505287289619,0.4336723089218139,-0.088323950767517,0.4688770174980163,0.4353117346763611,-0.1425418704748153,0.2359555512666702,0.4501658082008362,-0.1242162659764289,0.4868253767490387,0.4570218920707702,-0.1736857742071151,0.2652015388011932,0.383715808391571,-0.1464249640703201,0.4721378982067108,0.3820720016956329,-0.2104397863149643,0.2442884147167205,0.0106070637702941,10.929569434959788,0.9102672994383708,0.0767671167850495,0.109888345003128,-109888.34500312804,1,3.658956866796693,3.920073991927453,0,0.0559437826977919,0.387729573117861,0.1340471506113275,3.658956866796693,dataset\external_videos\correct\P06_correct_side_90_001.mp4,854,28.489609,2.0,29.97584182563193,P06,side_90,external_video,0,0.964,1,false_positive,needs_manual_review,reports\figures\error_cases\false_positive\04_P06_correct_side_90_001_frame_854.jpg,True
0.466307133436203,0.6859257817268372,-0.1309349089860916,0.470544695854187,0.7164053916931152,-0.1127942129969596,0.4713007509708404,0.7177325487136841,-0.1129755228757858,0.4723360240459442,0.7192612886428833,-0.1131756007671356,0.4741319715976715,0.7163880467414856,-0.1623170375823974,0.4775799810886383,0.7176535725593567,-0.1622554212808609,0.4817647635936737,0.719196081161499,-0.1623523384332656,0.4946191012859344,0.7196938991546631,-0.0203494075685739,0.509080171585083,0.7178734540939331,-0.2402987480163574,0.4731044471263885,0.6617267727851868,-0.0901322290301323,0.4775134921073913,0.6627388000488281,-0.1539215743541717,0.5167264938354492,0.579231321811676,0.1120457649230957,0.5710691213607788,0.5691720843315125,-0.2908524572849273,0.4970065057277679,0.3898354470729828,0.2386507540941238,0.5525347590446472,0.3305912613868713,-0.3134257197380066,0.4208604693412781,0.4292038977146148,0.1476121544837951,0.4438321888446808,0.3914795815944671,-0.287803053855896,0.3939309418201446,0.4435062110424042,0.1306215673685073,0.4110871255397796,0.4008160829544067,-0.3297486305236816,0.3910264074802398,0.468806505203247,0.0961208865046501,0.4126660227775574,0.446272075176239,-0.3143540620803833,0.4042838811874389,0.4665152728557586,0.1278177350759506,0.4246504604816437,0.4448400735855102,-0.2787555456161499,0.5206865668296814,0.2132522314786911,0.1194371283054351,0.5538316369056702,0.1611983478069305,-0.1188534572720527,0.4332491159439087,0.1042867302894592,0.2599627673625946,0.4174654185771942,0.0447966530919075,-0.0147296888753771,0.4352348744869232,-0.1108735650777816,0.4680293202400207,0.4361861050128937,-0.1643857061862945,0.2585510015487671,0.4506919085979461,-0.1485106199979782,0.4857673048973083,0.4582941234111786,-0.1941178888082504,0.291205883026123,0.3844266533851623,-0.1651372164487838,0.4653071463108063,0.3859223127365112,-0.2288614809513092,0.2800686061382293,0.0100592374801635,10.487183240939151,0.982831248215735,0.077590674161911,0.1117240786552429,-111724.07865524292,1,3.76736393024642,4.038973054925674,0,0.0552658070151792,0.3870333538133116,0.1360241980982161,3.76736393024642,dataset\external_videos\correct\P06_correct_side_90_001.mp4,896,29.890737,2.0,29.97584182563193,P06,side_90,external_video,0,0.96,1,false_positive,needs_manual_review,reports\figures\error_cases\false_positive\05_P06_correct_side_90_001_frame_896.jpg,True
0.4739068448543548,0.6749101877212524,-0.1283129900693893,0.475968062877655,0.7023848295211792,-0.1061011254787445,0.4770806729793548,0.7040541172027588,-0.1062859371304512,0.4786127805709839,0.7059864401817322,-0.106493629515171,0.4796684980392456,0.7033204436302185,-0.1604224294424057,0.4832498729228973,0.7056769728660583,-0.1603145003318786,0.4872438013553619,0.7086537480354309,-0.1603823155164718,0.5014894008636475,0.7124240398406982,0.0038921041414141,0.5133863687515259,0.7127856612205505,-0.2409657984972,0.4829146265983581,0.6533262729644775,-0.0813730061054229,0.4869256615638733,0.6566173434257507,-0.1512405574321746,0.5178589820861816,0.576681911945343,0.1436450183391571,0.5767592787742615,0.570466935634613,-0.3175794780254364,0.4831244051456451,0.3820509016513824,0.2833884060382843,0.5340021252632141,0.34958016872406,-0.35943603515625,0.4050438702106476,0.4089371562004089,0.1948755830526352,0.425205647945404,0.4297693073749542,-0.3319672346115112,0.385508269071579,0.4118225276470184,0.1793796718120575,0.3912960588932037,0.4383157193660736,-0.3790981471538543,0.3793568313121795,0.4523832499980926,0.1429789811372757,0.3901552557945251,0.470515102148056,-0.3640775680541992,0.3923818171024322,0.4538107216358185,0.1741678416728973,0.3998357951641083,0.4691827893257141,-0.3238037824630737,0.5204342603683472,0.2040119618177414,0.1305035352706909,0.559052050113678,0.1611391007900238,-0.13001149892807,0.4216885864734649,0.0724495276808738,0.2628431022167206,0.4213012754917145,0.044864822179079,-0.0004583245317917,0.4179254472255707,-0.1468397825956344,0.495561808347702,0.4279988408088684,-0.211977481842041,0.2812137603759765,0.4340656101703644,-0.1815306842327118,0.5159401297569275,0.4483466744422912,-0.2544521987438202,0.3138767778873443,0.3670918345451355,-0.2009837627410888,0.4830250740051269,0.3671432733535766,-0.2613048851490021,0.2849220633506775,0.0062149763107299,6.02338421515572,1.108556471053864,0.0734022855758667,0.1013357639312744,-101335.7639312744,1,3.738567879992489,3.450184788927238,0,0.0592272815557726,0.3910720878634998,0.1251272655311226,3.450184788927238,dataset\external_videos\correct\P06_correct_side_90_001.mp4,2576,85.935868,2.0,29.97584182563193,P06,side_90,external_video,0,0.96,1,false_positive,needs_manual_review,reports\figures\error_cases\false_positive\06_P06_correct_side_90_001_frame_2576.jpg,True
0.4751066565513611,0.6713171005249023,-0.1062605157494545,0.4752142131328583,0.6956320405006409,-0.0860946476459503,0.4762541949748993,0.6969720721244812,-0.0862848535180091,0.477691650390625,0.698802649974823,-0.086524523794651,0.4790544509887695,0.6976379156112671,-0.1401799023151397,0.4827437996864319,0.7007290124893188,-0.1400869339704513,0.4869085848331451,0.7044917941093445,-0.1401552557945251,0.5006292462348938,0.7083879709243774,0.0104579273611307,0.5135027170181274,0.7089404463768005,-0.2306953519582748,0.4858457148075104,0.6499838829040527,-0.0640256032347679,0.4898755252361297,0.6543355584144592,-0.1341531574726104,0.5236124396324158,0.5788711309432983,0.150443896651268,0.5752280354499817,0.5677831172943115,-0.3137847185134887,0.4903329014778137,0.3854236304759979,0.2882702052593231,0.5275347232818604,0.3471879959106445,-0.3487556576728821,0.4150789082050323,0.4179073870182037,0.2072203606367111,0.4180377721786499,0.4270249605178833,-0.320550799369812,0.387724906206131,0.4143226742744446,0.1930812895298004,0.3871084451675415,0.4347529113292694,-0.3672730624675751,0.384130984544754,0.4512915909290313,0.1591878980398178,0.3880318999290466,0.4664200842380523,-0.3510321676731109,0.3971017897129059,0.4523276388645172,0.187896728515625,0.3988380432128906,0.4656533896923065,-0.3118259310722351,0.5178128480911255,0.2088035941123962,0.1319574564695358,0.556776762008667,0.1638139188289642,-0.1314809471368789,0.412088543176651,0.0903801918029785,0.2578370571136474,0.4095574021339416,0.050294890999794,-0.0206997171044349,0.4066256582736969,-0.1184329092502594,0.457249104976654,0.4120789170265198,-0.1513688415288925,0.2796164453029632,0.4228067696094513,-0.154072418808937,0.4744767546653747,0.4318762421607971,-0.1830822080373764,0.3119136095046997,0.3522968292236328,-0.16592837870121,0.444785863161087,0.3551774024963379,-0.2059294879436493,0.2957156300544739,0.0110880136489868,12.1239706162974,1.7945115332983632,0.0743135809898376,0.0979899764060974,-97989.9764060974,1,4.157297384878043,3.914583478467824,0,0.052793122452479,0.387208268261565,0.1229818840138688,3.914583478467824,dataset\external_videos\correct\P06_correct_side_90_001.mp4,2534,84.53474,2.0,29.97584182563193,P06,side_90,external_video,0,0.96,1,false_positive,needs_manual_review,reports\figures\error_cases\false_positive\07_P06_correct_side_90_001_frame_2534.jpg,True
0.463390976190567,0.6663218140602112,-0.1265650689601898,0.4671753644943237,0.6960354447364807,-0.1081643104553222,0.4682114720344543,0.6976785659790039,-0.108364813029766,0.4694848954677582,0.6995714902877808,-0.1086063012480735,0.4706210792064667,0.6975048780441284,-0.1632499992847442,0.4738841950893402,0.7000356912612915,-0.163189560174942,0.4773386120796203,0.7028058171272278,-0.163248673081398,0.4919657409191131,0.7064639925956726,-0.0147415231913328,0.5027064681053162,0.7069678902626038,-0.2541509866714477,0.4719058573246002,0.6434663534164429,-0.0856162309646606,0.4761902987957001,0.6461754441261292,-0.157080590724945,0.5222294330596924,0.5793140530586243,0.1135705709457397,0.5696017146110535,0.5595719218254089,-0.3164105415344238,0.4881079494953155,0.395751953125,0.2557364702224731,0.5387735366821289,0.3303252756595611,-0.3509628176689148,0.4145001173019409,0.4518236815929413,0.1866951435804367,0.423105925321579,0.4167995750904083,-0.3188409507274627,0.3861016035079956,0.4495063722133636,0.1789064109325409,0.3883424699306488,0.4235332012176513,-0.36165851354599,0.375049740076065,0.4702381193637848,0.1405132412910461,0.3884264826774597,0.4594879448413849,-0.3480073809623718,0.3927721083164215,0.4721350073814392,0.1671012490987777,0.3992483913898468,0.4594947099685669,-0.3110921084880829,0.5317627191543579,0.2163084894418716,0.1247463449835777,0.5634018182754517,0.1615397036075592,-0.1241703480482101,0.4323519766330719,0.1657209992408752,0.3368737995624542,0.4222473800182342,0.0494298003613948,0.0135103138163685,0.4367313683032989,-0.0544362813234329,0.6097888946533203,0.4185136258602142,-0.107536680996418,0.34047931432724,0.4531062245368957,-0.0952795967459678,0.63636314868927,0.4345133900642395,-0.1498598754405975,0.3785070776939392,0.3906265497207641,-0.1086398586630821,0.6380407810211182,0.3628216683864593,-0.1366730779409408,0.3788896203041076,0.0197421312332153,22.6236579162616,0.2509572426879765,0.0825245976448059,0.0968788266181945,-96878.82661819458,1,3.718849024622089,3.894125407486253,0,0.0513213874034103,0.3805225410100621,0.1272627842825832,3.718849024622089,dataset\external_videos\correct\P06_correct_side_90_001.mp4,2282,76.12797,2.0,29.97584182563193,P06,side_90,external_video,0,0.956,1,false_positive,needs_manual_review,reports\figures\error_cases\false_positive\08_P06_correct_side_90_001_frame_2282.jpg,True
0.4734970331192016,0.6744275093078613,-0.1304379105567932,0.4756339788436889,0.7019887566566467,-0.1071870699524879,0.4767456948757171,0.7036863565444946,-0.1073727533221244,0.4782207310199737,0.7056424021720886,-0.1075851619243621,0.4790687263011932,0.7031450867652893,-0.1604738980531692,0.482546865940094,0.7056232690811157,-0.1603692471981048,0.4864328503608703,0.7085177302360535,-0.1604466140270233,0.5008235573768616,0.7122054696083069,0.0064362087287008,0.5130295157432556,0.7118223905563354,-0.2352167069911956,0.4824654161930084,0.6531497240066528,-0.0825949683785438,0.4866167604923248,0.6565468311309814,-0.1512820124626159,0.5152848958969116,0.5762170553207397,0.1466991901397705,0.5744324326515198,0.5685197710990906,-0.3142048120498657,0.4821966588497162,0.3847254812717438,0.2675999999046325,0.533469021320343,0.3446697890758514,-0.3556510508060455,0.4045040011405945,0.4133074581623077,0.1637869924306869,0.4252800643444061,0.424605131149292,-0.3231224715709686,0.3843849599361419,0.4135234951972961,0.1405749022960662,0.389866828918457,0.4334295094013214,-0.3679414987564087,0.3786443471908569,0.4523631036281585,0.1144081279635429,0.3913679420948028,0.4681436717510223,-0.3550080358982086,0.3930532038211822,0.4538184106349945,0.1448510140180587,0.4020396471023559,0.4671952724456787,-0.3152782022953033,0.5179752111434937,0.203464388847351,0.130316361784935,0.5590401291847229,0.1607956886291504,-0.1298049539327621,0.4198954999446869,0.0664569810032844,0.2213319391012191,0.4213346242904663,0.0451669506728649,-0.0246601328253746,0.4170502424240112,-0.1725968569517135,0.4075796008110046,0.4250423312187195,-0.2188722491264343,0.2173804938793182,0.4336902797222137,-0.2127485573291778,0.4220722317695617,0.4454886019229889,-0.2655830383300781,0.2443982064723968,0.3622298240661621,-0.2300466299057006,0.3801440596580505,0.3664498627185821,-0.2792880535125732,0.1960010826587677,0.0076972842216491,7.414632235393265,0.9323866139153848,0.0713616311550141,0.1020590960979461,-102059.09609794617,1,3.702977169291416,3.4367294157668726,0,0.0596462847839374,0.3902900511625599,0.124533294734517,3.4367294157668726,dataset\external_videos\correct\P06_correct_side_90_001.mp4,2562,85.468826,2.0,29.97584182563193,P06,side_90,external_video,0,0.956,1,false_positive,needs_manual_review,reports\figures\error_cases\false_positive\09_P06_correct_side_90_001_frame_2562.jpg,True
0.4731112718582153,0.6612715125083923,-0.1194284409284591,0.4763787984848022,0.6901298761367798,-0.1016782745718956,0.4765921235084533,0.6916328072547913,-0.1018419042229652,0.4770973026752472,0.6934295296669006,-0.1020629480481147,0.4814122021198272,0.6914461255073547,-0.1512889564037323,0.4842840433120727,0.6940644979476929,-0.1512188613414764,0.4878720045089721,0.6972576975822449,-0.151274099946022,0.4996166825294494,0.7005773186683655,-0.010679361410439,0.5118294358253479,0.7039555907249451,-0.2301569432020187,0.4803633689880371,0.6371667981147766,-0.0793501958250999,0.4856250584125519,0.6399620771408081,-0.1427242010831833,0.5272806882858276,0.5856583118438721,0.1167117729783058,0.5726877450942993,0.5672405958175659,-0.2967136204242706,0.4899119436740875,0.4456682503223419,0.262487918138504,0.5298804044723511,0.3514835834503174,-0.3515019118785858,0.4165487587451935,0.4913866817951202,0.2043688893318176,0.4201784431934356,0.4147999286651611,-0.3325022161006927,0.4073182344436645,0.4887227416038513,0.1935623586177826,0.3870142102241516,0.4213968515396118,-0.3783655762672424,0.4082983434200287,0.4942297339439392,0.1575843542814254,0.3868545889854431,0.4572284817695617,-0.3605887293815613,0.4175145328044891,0.4944294095039367,0.1860218942165374,0.3966227173805237,0.4562273025512695,-0.3252843022346496,0.5414270162582397,0.216624304652214,0.125125452876091,0.5643961429595947,0.1648890674114227,-0.124503806233406,0.4215399622917175,0.2012318670749664,0.2251079827547073,0.4246926009654999,0.0471300035715103,-0.0952982231974601,0.4222374260425567,-0.0642563924193382,0.4089493155479431,0.4062620103359222,-0.1477286666631698,0.0857370644807815,0.4397994875907898,-0.0750417560338974,0.4241508543491363,0.4251109063625335,-0.1856052428483963,0.10797581076622,0.3690273463726043,-0.0903420820832252,0.4141916036605835,0.3417049646377563,-0.1963523477315902,0.0802273452281951,0.0184177160263061,22.078139643049663,0.4348599034876975,0.0768729448318482,0.0848220586776733,-84822.05867767334,1,3.2308358178629573,4.117528109079066,0,0.049000133383833,0.3857038768097041,0.1144737143864871,3.2308358178629573,dataset\external_videos\correct\P06_correct_side_90_001.mp4,2240,74.726842,2.0,29.97584182563193,P06,side_90,external_video,0,0.956,1,false_positive,needs_manual_review,reports\figures\error_cases\false_positive\10_P06_correct_side_90_001_frame_2240.jpg,True
0.4758762419223785,0.67596435546875,-0.1045664697885513,0.4767946004867553,0.7003841400146484,-0.0852587521076202,0.4779704511165619,0.7019683122634888,-0.0854530036449432,0.4796321988105774,0.7040334939956665,-0.0856951475143432,0.48038449883461,0.7017727494239807,-0.1407582014799118,0.48395437002182,0.7044144868850708,-0.1406506150960922,0.4878181517124176,0.707493245601654,-0.1406887918710708,0.503323495388031,0.7111135125160217,0.0079186959192156,0.5132661461830139,0.7092567682266235,-0.2363345772027969,0.486272782087326,0.6546878814697266,-0.0632412806153297,0.4900826513767242,0.6581141948699951,-0.1351375728845596,0.5247706770896912,0.5790860652923584,0.1454478651285171,0.5749586224555969,0.5657713413238525,-0.3153560757637024,0.4954693913459778,0.393895536661148,0.2906047403812408,0.518813967704773,0.3491497039794922,-0.3452737033367157,0.4200370609760284,0.4131366014480591,0.2161515206098556,0.416662186384201,0.4311698973178863,-0.2969536185264587,0.3937214612960815,0.4090403616428375,0.2027586549520492,0.3873150944709778,0.4403585493564605,-0.3409261703491211,0.3914848566055298,0.4451160430908203,0.1680190861225128,0.3883383870124817,0.4663347899913788,-0.3264961540699005,0.4014807641506195,0.4459828436374664,0.1965997964143753,0.3999020159244537,0.4646928608417511,-0.2888550460338592,0.5171738862991333,0.2112807631492614,0.1325850933790207,0.5566405057907104,0.1656592935323715,-0.1321047097444534,0.4109580218791961,0.0987971723079681,0.2785890698432922,0.4085718095302582,0.0553699284791946,-0.0038424460217356,0.4088224768638611,-0.1067526116967201,0.5223159790039062,0.4090604484081268,-0.1542295664548874,0.2882249653339386,0.4265914261341095,-0.1409898251295089,0.5441865921020508,0.4286052882671356,-0.1885739266872406,0.3236223757266998,0.3535932302474975,-0.1569777131080627,0.5200623273849487,0.3475741147994995,-0.2077108472585678,0.3185785412788391,0.0133147239685058,14.858139606808791,1.9328272023130404,0.0739884078502655,0.1035356521606445,-103535.65216064452,1,4.382915973972515,4.064701973598744,0,0.0519240958939936,0.3841772503542373,0.1272553172348692,4.064701973598744,dataset\external_videos\correct\P06_correct_side_90_001.mp4,2520,84.067697,2.0,29.97584182563193,P06,side_90,external_video,0,0.956,1,false_positive,needs_manual_review,reports\figures\error_cases\false_positive\11_P06_correct_side_90_001_frame_2520.jpg,True
0.4788642227649688,0.6803590655326843,-0.1213317215442657,0.4809333086013794,0.7054709792137146,-0.100705862045288,0.4821183979511261,0.7069200873374939,-0.1008813232183456,0.4837188422679901,0.708799421787262,-0.1010959222912788,0.4844132661819458,0.7065643072128296,-0.151492565870285,0.4877976477146148,0.7088258266448975,-0.1514376252889633,0.4916956722736358,0.7114199995994568,-0.1515231430530548,0.5071566104888916,0.7122693657875061,-0.001834861934185,0.5188525915145874,0.7098612785339355,-0.2360332757234573,0.4881234467029571,0.6584340929985046,-0.0785802453756332,0.4919597804546356,0.6609240770339966,-0.1444388180971145,0.5239220261573792,0.576813817024231,0.134672462940216,0.5818098783493042,0.5612198710441589,-0.3053572475910187,0.4966805279254913,0.3959012329578399,0.2570029497146606,0.5383838415145874,0.3372376263141632,-0.3375062942504883,0.4233716130256653,0.412680834531784,0.1658919602632522,0.4296589195728302,0.4105251133441925,-0.3111013770103454,0.3935247957706451,0.4077591896057129,0.1485800594091415,0.3997093737125397,0.414640873670578,-0.3577598035335541,0.3909936547279358,0.4459064304828644,0.1138280406594276,0.3980770111083984,0.4517006278038025,-0.3441117107868194,0.4020955264568329,0.4482996761798858,0.1462583094835281,0.4074778258800506,0.4527887105941772,-0.3030421435832977,0.5170959830284119,0.2167736589908599,0.1259968429803848,0.5585159659385681,0.1677154749631881,-0.12554931640625,0.4119457900524139,0.1005965247750282,0.2281367033720016,0.4060449600219726,0.0630338937044143,-0.0269336514174938,0.4110333621501922,-0.1000862270593643,0.4447506368160248,0.4219860136508941,-0.1291552633047104,0.3144786059856415,0.4274317026138305,-0.1322364658117294,0.4636201858520508,0.4420006871223449,-0.1570506244897842,0.3540782928466797,0.3612490594387054,-0.151503175497055,0.4488584101200104,0.3680936694145202,-0.1811981201171875,0.34821817278862,0.015593945980072,15.076567646905168,2.2889531038390927,0.0740017294883728,0.1113422214984893,-111342.22149848938,1,3.8188394068408993,3.715613846954264,0,0.0599514352006986,0.3770731383820306,0.1336912347743448,3.715613846954264,dataset\external_videos\correct\P06_correct_side_90_001.mp4,2506,83.600655,2.0,29.97584182563193,P06,side_90,external_video,0,0.952,1,false_positive,needs_manual_review,reports\figures\error_cases\false_positive\12_P06_correct_side_90_001_frame_2506.jpg,True
