threshold,accuracy,precision_incorrect,recall_incorrect,f1_incorrect,macro_f1,mcc,roc_auc,pr_auc,true_negative,false_positive,false_negative,true_positive,predicted_incorrect_rate,seed,algorithm_family,algorithm,model_id,feature_set,class_weight,train_seconds,predict_seconds,epochs_run
0.5,0.8733538191395961,0.8671121009651076,0.9142857142857143,0.8900742998666412,0.8703542609869059,0.742402326309096,0.9470290295165529,0.9572887293121074,1643,358,219,2336,0.5913081650570676,42,HistGradientBoosting,hist_gradient_boosting,hist_gradient_boosting_balanced_sample_weight__ergonomic_v2_with_view,ergonomic_v2_with_view,balanced_sample_weight,1.8140590999973938,0.016805500024929643,
0.5,0.8608428446005267,0.8712794742945497,0.8821917808219178,0.8767016725009724,0.8585019697517456,0.7170912829932036,0.9364298281387683,0.9466659802100535,1668,333,301,2254,0.5678226514486392,43,HistGradientBoosting,hist_gradient_boosting,hist_gradient_boosting_balanced_sample_weight__ergonomic_v2_with_view,ergonomic_v2_with_view,balanced_sample_weight,0.5047490999568254,0.017085200059227645,
0.5,0.8582089552238806,0.8655687476062811,0.8845401174168297,0.8749516066589237,0.8556207602478603,0.7115088127656419,0.9259845615352793,0.9403847954531991,1650,351,295,2260,0.5730904302019315,44,HistGradientBoosting,hist_gradient_boosting,hist_gradient_boosting_balanced_sample_weight__ergonomic_v2_with_view,ergonomic_v2_with_view,balanced_sample_weight,0.47933959995862097,0.019039200036786497,
0.5,0.8615013169446883,0.8734472049689441,0.8806262230919765,0.8770220229974663,0.8592595671380198,0.7185567394229413,0.9411088976059916,0.9553086339313654,1675,326,305,2250,0.5654082528533801,45,HistGradientBoosting,hist_gradient_boosting,hist_gradient_boosting_balanced_sample_weight__ergonomic_v2_with_view,ergonomic_v2_with_view,balanced_sample_weight,0.5133318000007421,0.018628399935550988,
0.5,0.8472344161545216,0.876773408998784,0.8465753424657534,0.8614097968936678,0.8456193238747067,0.6918820402791982,0.9324916797961097,0.9475738182493836,1697,304,392,2163,0.5414837576821774,46,HistGradientBoosting,hist_gradient_boosting,hist_gradient_boosting_balanced_sample_weight__ergonomic_v2_with_view,ergonomic_v2_with_view,balanced_sample_weight,0.6947528999298811,0.025876000057905912,
0.5,0.8386742756804214,0.8489263803680982,0.8665362035225049,0.8576409064497386,0.8357589186591565,0.6717515040875597,0.9172490075901383,0.9421897896312095,1607,394,341,2214,0.57243195785777,42,Random Forest,random_forest,random_forest_balanced__ergonomic_v2_with_view,ergonomic_v2_with_view,balanced,2.061819899943657,0.060336400056257844,
0.5,0.8283582089552238,0.8323959505061868,0.8688845401174168,0.8502489467636921,0.8246103345643654,0.6502572795190803,0.9166416791604199,0.9417021426684635,1554,447,335,2220,0.5853819139596137,43,Random Forest,random_forest,random_forest_balanced__ergonomic_v2_with_view,ergonomic_v2_with_view,balanced,2.0112868000287563,0.05990409990772605,
0.5,0.827260755048288,0.8689482470784641,0.8148727984344423,0.8410422136942032,0.8259524935329944,0.653946826481575,0.9180429354794226,0.9425291629203421,1687,314,473,2082,0.5258999122036875,44,Random Forest,random_forest,random_forest_balanced__ergonomic_v2_with_view,ergonomic_v2_with_view,balanced,2.055097999982536,0.05988069996237755,
0.5,0.8325285338015803,0.8396512509476877,0.8669275929549902,0.8530714423262084,0.8291894593616242,0.6589493759067012,0.9233334409116383,0.9443996913342776,1578,423,340,2215,0.5790166812993854,45,Random Forest,random_forest,random_forest_balanced__ergonomic_v2_with_view,ergonomic_v2_with_view,balanced,2.171236699912697,0.1303351999958977,
0.5,0.8487708516242318,0.8491766467065869,0.8880626223091976,0.8681844270135833,0.845417824832403,0.6919969346318154,0.9234018998328625,0.9448752236853099,1598,403,286,2269,0.5864793678665496,46,Random Forest,random_forest,random_forest_balanced__ergonomic_v2_with_view,ergonomic_v2_with_view,balanced,2.057715000002645,0.07027879997622222,
0.5,0.681079894644425,0.6507936507936508,0.9307240704500979,0.7659848606861008,0.6327340769155616,0.3649746293114351,0.6843196796904875,0.7200515805815446,725,1276,177,2378,0.8020193151887621,42,Decision Tree,decision_tree,decision_tree_none__combined_v2_with_view,combined_v2_with_view,none,1.015260500018485,0.002404400031082332,
0.5,0.681079894644425,0.6507936507936508,0.9307240704500979,0.7659848606861008,0.6327340769155616,0.3649746293114351,0.6847355187376958,0.7204863928152806,725,1276,177,2378,0.8020193151887621,43,Decision Tree,decision_tree,decision_tree_none__combined_v2_with_view,combined_v2_with_view,none,1.0619315000949427,0.0023384999949485064,
0.5,0.681079894644425,0.6507936507936508,0.9307240704500979,0.7659848606861008,0.6327340769155616,0.3649746293114351,0.6847355187376958,0.7204863928152806,725,1276,177,2378,0.8020193151887621,44,Decision Tree,decision_tree,decision_tree_none__combined_v2_with_view,combined_v2_with_view,none,1.0589151999447495,0.0022830000380054116,
0.5,0.681079894644425,0.6507936507936508,0.9307240704500979,0.7659848606861008,0.6327340769155616,0.3649746293114351,0.6849434382612999,0.7207036922448931,725,1276,177,2378,0.8020193151887621,45,Decision Tree,decision_tree,decision_tree_none__combined_v2_with_view,combined_v2_with_view,none,1.0176910000154749,0.002571699908003211,
0.5,0.681079894644425,0.6507936507936508,0.9307240704500979,0.7659848606861008,0.6327340769155616,0.3649746293114351,0.6710972302498457,0.6973157560855231,725,1276,177,2378,0.8020193151887621,46,Decision Tree,decision_tree,decision_tree_none__combined_v2_with_view,combined_v2_with_view,none,1.046841699979268,0.002475599991157651,
0.5,0.6591308165057067,0.8143036386449184,0.5080234833659492,0.6256929380573633,0.6563886814002311,0.37471609931079447,0.732626250475545,0.8270903665431092,1705,296,1257,1298,0.3498683055311677,42,ANN/Keras,ann_keras,ann_keras_balanced__normalized_99,normalized_99,balanced,13.914337299996987,0.25002169993240386,35.0
0.5,0.7392449517120281,0.8966918165989554,0.6046966731898239,0.7223001402524544,0.7382704673128222,0.5278188008525889,0.7698385640839072,0.846785728031986,1823,178,1010,1545,0.37818261633011413,43,ANN/Keras,ann_keras,ann_keras_balanced__normalized_99,normalized_99,balanced,13.261662999982946,0.24348059995099902,34.0
0.5,0.6600087796312555,0.7480276134122288,0.5937377690802348,0.6620117826751036,0.6599968385665207,0.33789557515764124,0.706014409624933,0.8096272091245533,1490,511,1038,1517,0.44512730465320455,44,ANN/Keras,ann_keras,ann_keras_balanced__normalized_99,normalized_99,balanced,17.962588499998674,0.23741409997455776,47.0
0.5,0.6057945566286216,0.6848514369215781,0.550293542074364,0.6102430555555556,0.605743197404776,0.2263780196095185,0.6475738647310396,0.769707218723658,1354,647,1149,1406,0.4506145741878841,45,ANN/Keras,ann_keras,ann_keras_balanced__normalized_99,normalized_99,balanced,13.205946099944413,0.24174460000358522,34.0
0.5,0.5785776997366111,0.6988102692548529,0.43679060665362035,0.5375722543352601,0.5752377400708559,0.2042957880278424,0.6288845792368003,0.7675247998589537,1520,481,1439,1116,0.3505267778753292,46,ANN/Keras,ann_keras,ann_keras_balanced__normalized_99,normalized_99,balanced,13.806011899956502,0.23791080003138632,36.0
0.5,0.5838454784899034,0.5740283082453381,1.0,0.7293748215815016,0.41454496064830065,0.17355525192325694,0.5738641442488148,0.6043534563462026,105,1896,0,2555,0.9769534679543459,42,MLPClassifier,mlp_sklearn,mlp_sklearn_none__raw_99,raw_99,none,1.4055947000160813,0.005334399989806116,
0.5,0.5759438103599649,0.5718569780853517,0.9702544031311154,0.7195936139332366,0.42505333261918354,0.09868268585272484,0.5658714673974168,0.6047072519159129,145,1856,76,2479,0.9514925373134329,43,MLPClassifier,mlp_sklearn,mlp_sklearn_none__raw_99,raw_99,none,2.024885900085792,0.005304599995724857,
0.5,0.5283143107989464,0.5480359678182679,0.9064579256360078,0.6830850906945878,0.38058158438633294,-0.09202896487781306,0.5724294408568711,0.6137815187172944,91,1910,239,2316,0.92756804214223,44,MLPClassifier,mlp_sklearn,mlp_sklearn_none__raw_99,raw_99,none,2.3446552000241354,0.005333399982191622,
0.5,0.5283143107989464,0.547945205479452,0.9080234833659491,0.6834585358668435,0.37918083917750267,-0.09391646844798042,0.5507681579953663,0.5883565469275649,87,1914,235,2320,0.9293239683933274,45,MLPClassifier,mlp_sklearn,mlp_sklearn_none__raw_99,raw_99,none,1.6828298999462277,0.00584800005890429,
0.5,0.4798068481123793,0.5230846019465935,0.8203522504892368,0.6388296251142944,0.354708930204206,-0.20530275704035064,0.5697627702782659,0.6252443133033043,90,1911,459,2096,0.8794995610184372,46,MLPClassifier,mlp_sklearn,mlp_sklearn_none__raw_99,raw_99,none,2.215827399981208,0.005266799940727651,
