threshold,accuracy,precision_incorrect,recall_incorrect,f1_incorrect,macro_f1,mcc,roc_auc,pr_auc,true_negative,false_positive,false_negative,true_positive,model_id,algorithm,class_weight,feature_set,feature_count,train_seconds,predict_seconds
0.5,0.8645741878841089,0.8588888888888889,0.9076320939334638,0.8825880114176974,0.8613095618405573,0.724444197369675,0.9491293492197149,0.9620879770486879,1620,381,236,2319,hist_gradient_boosting_none__ergonomic_v2_with_view,hist_gradient_boosting,none,ergonomic_v2_with_view,31,0.884,0.026
0.5,0.8465759438103599,0.8274523641496119,0.9178082191780822,0.8702913341992948,0.8412697605726531,0.68927927847618,0.9303931204652076,0.9526466487202077,1512,489,210,2345,hist_gradient_boosting_none__ergonomic_v2,hist_gradient_boosting,none,ergonomic_v2,27,0.644,0.021
0.5,0.8388937664618086,0.8236757909704941,0.9068493150684932,0.863263785394933,0.8336083884239622,0.672904177368041,0.9095224403453851,0.9334511788566117,1505,496,238,2317,random_forest_balanced__ergonomic_v2_with_view,random_forest,balanced,ergonomic_v2_with_view,31,2.283,0.09
0.5,0.809262510974539,0.7813751668891856,0.9162426614481409,0.8434516303368762,0.7997095276087638,0.6159309322408412,0.8405925217430423,0.8499465610940931,1346,655,214,2341,extra_trees_balanced__ergonomic_14,extra_trees,balanced,ergonomic_14,14,0.556,0.08
0.5,0.8244073748902546,0.851140456182473,0.8324853228962819,0.8417095370003957,0.8222840440053729,0.6448219785580133,0.9032818228850351,0.9269755984454222,1629,372,428,2127,random_forest_none__ergonomic_v2_with_view,random_forest,none,ergonomic_v2_with_view,31,2.157,0.08
0.5,0.8217734855136084,0.8495788206979543,0.8289628180039139,0.8391442155309033,0.8196705329623021,0.6396511235606851,0.8843984074498954,0.9141659207426629,1626,375,437,2118,extra_trees_balanced__ergonomic_v2,extra_trees,balanced,ergonomic_v2,27,0.646,0.091
0.5,0.8000438981562774,0.769155206286837,0.9193737769080235,0.8375824567659119,0.7887598267272322,0.5986470156046828,0.8331711834884906,0.8524628350268544,1296,705,206,2349,extra_trees_none__ergonomic_14,extra_trees,none,ergonomic_14,14,0.506,0.07
0.5,0.8182616330114135,0.8557890399670375,0.8129158512720157,0.8338016860698515,0.8166587122843204,0.6346279685304789,0.903880740647289,0.9288212646145737,1651,350,478,2077,random_forest_balanced__ergonomic_v2,random_forest,balanced,ergonomic_v2,27,2.768,0.08
0.5,0.7875329236172081,0.7570456754130224,0.9146771037181997,0.8284296348812478,0.7747335494290966,0.5732242600655719,0.8736639508034632,0.8971629719745762,1251,750,218,2337,random_forest_balanced__normalized_99,random_forest,balanced,normalized_99,99,5.27,0.101
0.5,0.8042142230026339,0.8324670131947222,0.8148727984344423,0.8235759493670886,0.8018274224152997,0.6038850022441548,0.8823164738570048,0.9051901070655095,1582,419,473,2082,random_forest_none__combined_v2_with_view,random_forest,none,combined_v2_with_view,130,6.077,0.124
0.5,0.8046532045654082,0.8438661710037175,0.7996086105675146,0.8211414790996785,0.8029788633409418,0.607369194078694,0.9030924850686203,0.9304300686051834,1623,378,512,2043,random_forest_balanced__combined_v2,random_forest,balanced,combined_v2,126,6.442,0.113
0.5,0.7607550482879719,0.7082740972419675,0.9749510763209394,0.8204874835309618,0.7309674259760073,0.5467162444270369,0.8929374842911225,0.916143760074028,975,1026,64,2491,extra_trees_balanced__combined_v2,extra_trees,balanced,combined_v2,126,0.958,0.122
0.5,0.7730465320456541,0.7410459587955626,0.915068493150685,0.8189141856392295,0.7574876630724072,0.5450212154167405,0.8691622877406697,0.8979635876162333,1184,817,217,2338,hist_gradient_boosting_none__combined_v2,hist_gradient_boosting,none,combined_v2,126,1.794,0.023
0.5,0.7947761194029851,0.8232242617717478,0.8074363992172211,0.8152539023908318,0.7922233471470328,0.5846339741117922,0.8808251451573625,0.90391515450921,1558,443,492,2063,random_forest_balanced__combined_v2_with_view,random_forest,balanced,combined_v2_with_view,130,6.198,0.123
0.5,0.7559262510974539,0.727530747398297,0.90293542074364,0.8057981138665735,0.7386935046592171,0.5083424695252546,0.895091788743593,0.9294429607779945,1137,864,248,2307,extra_trees_balanced__ergonomic_v2_with_view,extra_trees,balanced,ergonomic_v2_with_view,31,0.628,0.092
0.5,0.7363915715539947,0.6902754356379989,0.961252446183953,0.8035334532962539,0.7015333155110812,0.4925987834060463,0.9069879932832019,0.9294579499227021,899,1102,99,2456,extra_trees_none__combined_v2_with_view,extra_trees,none,combined_v2_with_view,130,0.945,0.134
0.5,0.7265144863915716,0.673193966657846,0.9956947162426615,0.803283864856331,0.6773798733928883,0.4994473638088197,0.8744524997775084,0.9015027293180755,766,1235,11,2544,extra_trees_balanced__normalized_99,extra_trees,balanced,normalized_99,99,0.852,0.101
0.5,0.792361720807726,0.8583518930957684,0.7542074363992172,0.8029166666666666,0.7917644557823129,0.5909315452372903,0.8750994365830783,0.9092741723135151,1683,318,628,1927,extra_trees_none__ergonomic_v2,extra_trees,none,ergonomic_v2,27,0.651,0.091
0.5,0.7478050921861282,0.7148533007334963,0.9154598825831702,0.802814484297237,0.7265213973997601,0.4955218763095592,0.8920390098492827,0.920837214572692,1068,933,216,2339,extra_trees_none__combined_v2,extra_trees,none,combined_v2,126,0.86,0.113
0.5,0.7289288849868305,0.6810202962150301,0.9718199608610567,0.80083857442348,0.6882928701729217,0.48487964663471184,0.8967238494255807,0.9210399520107738,838,1163,72,2483,extra_trees_balanced__combined_v2_with_view,extra_trees,balanced,combined_v2_with_view,130,1.049,0.135
0.5,0.75,0.7239089184060721,0.8958904109589041,0.8007696344236488,0.7326381309084371,0.49498812239013096,0.8414072807040707,0.8650488367900242,1128,873,266,2289,hist_gradient_boosting_none__combined_v2_with_view,hist_gradient_boosting,none,combined_v2_with_view,130,1.995,0.027
0.5,0.788630377524144,0.8528368794326241,0.7530332681017613,0.7998337144044897,0.787966148064835,0.5827866763599963,0.8833125511608187,0.9029947778483303,1669,332,631,1924,random_forest_none__ergonomic_v2,random_forest,none,ergonomic_v2,27,2.416,0.08
0.5,0.7219051799824407,0.672192513368984,0.9839530332681018,0.7987291501191421,0.6744799460215873,0.4805245174461169,0.8347773275788719,0.8769076062570736,775,1226,41,2514,extra_trees_none__normalized_99,extra_trees,none,normalized_99,99,0.792,0.102
0.5,0.7502194907813872,0.7313091740124061,0.8767123287671232,0.797436810252759,0.7358678040960418,0.49210609882631684,0.8752520999774085,0.9163665487439788,1178,823,315,2240,extra_trees_none__ergonomic_v2_with_view,extra_trees,none,ergonomic_v2_with_view,31,0.565,0.09
0.5,0.7776558384547849,0.8314703353396389,0.7569471624266145,0.792460561360377,0.7765186285884844,0.5570055134029244,0.8686198974876556,0.8976116128462924,1609,392,621,1934,random_forest_none__combined_v2,random_forest,none,combined_v2,126,6.072,0.102
0.5,0.7467076382791923,0.7370558375634517,0.8524461839530333,0.790562613430127,0.7350925227061795,0.48249620422396594,0.8136470903491504,0.807669042993364,1224,777,377,2178,random_forest_balanced__ergonomic_14,random_forest,balanced,ergonomic_14,14,1.616,0.071
0.5,0.6674714661984197,0.6287766220901436,0.9937377690802348,0.7702108296678295,0.5843908455603934,0.3824276695662769,0.7920845839311265,0.8373862143181874,502,1499,16,2539,svm_rbf_none__normalized_99,svm_rbf,none,normalized_99,99,7.121,0.421
0.5,0.6670324846356454,0.6284653465346535,0.9937377690802348,0.7699772554965884,0.5836378132866334,0.3815079767844302,0.7915054214575687,0.8360696228041203,500,1501,16,2539,svm_rbf_balanced__normalized_99,svm_rbf,balanced,normalized_99,99,6.983,0.361
0.5,0.6766900790166813,0.6428194297782471,0.9530332681017613,0.7677755005517893,0.6179072519010301,0.36703832829104066,0.6958270375575422,0.7615242467242325,648,1353,120,2435,hist_gradient_boosting_none__normalized_99,hist_gradient_boosting,none,normalized_99,99,1.844,0.026
0.5,0.7278314310798947,0.7425304315750646,0.787866927592955,0.7645271553361185,0.7210571294101289,0.44387580006225646,0.7886913686014135,0.8149885997324109,1303,698,542,2013,random_forest_none__ergonomic_14,random_forest,none,ergonomic_14,14,1.571,0.07
0.5,0.7311237928007024,0.7871329879101899,0.7135029354207436,0.748511599260932,0.7298323146033497,0.4637243120026351,0.836805374220913,0.8784450323802679,1508,493,732,1823,random_forest_none__normalized_99,random_forest,none,normalized_99,99,5.052,0.092
0.5,0.6927129060579456,0.7113062568605928,0.7608610567514678,0.735249621785174,0.6845704175871477,0.3713203877524082,0.7819381894180111,0.787045724915394,1212,789,611,1944,hist_gradient_boosting_none__ergonomic_14,hist_gradient_boosting,none,ergonomic_14,14,2.081,0.03
0.5,0.6613257243195786,0.6664473684210527,0.7929549902152642,0.7242180518319928,0.6427459323703609,0.3014497476083872,0.7374097686968649,0.8044130962713772,987,1014,529,2026,svm_rbf_balanced__combined_v2,svm_rbf,balanced,combined_v2,126,9.05,0.381
0.5,0.6514486391571555,0.6539318688315823,0.8039138943248533,0.7212078651685393,0.6281683353945742,0.2795913286268374,0.7302721437715585,0.8047175260883319,914,1087,501,2054,svm_rbf_none__combined_v2,svm_rbf,none,combined_v2,126,9.053,0.392
0.5,0.7280509218612818,0.853763440860215,0.6215264187866928,0.719365798414496,0.72779020174078,0.49031619332862153,0.7101084487110652,0.7483572323785921,1729,272,967,1588,logistic_regression_balanced__combined_v2_with_view,logistic_regression,balanced,combined_v2_with_view,130,0.829,0.009
0.5,0.7181738366988587,0.8277462609592573,0.6281800391389433,0.7142857142857143,0.7181216358349316,0.4629960845375185,0.7045952561879529,0.7377336702985821,1667,334,950,1605,logistic_regression_none__combined_v2_with_view,logistic_regression,none,combined_v2_with_view,130,0.793,0.008
0.5,0.7394644424934153,0.934561626429479,0.57573385518591,0.7125211915718092,0.7371556389326033,0.5471535211565696,0.815816553562749,0.8512611293597692,1898,103,1084,1471,logistic_regression_none__ergonomic_v2_with_view,logistic_regression,none,ergonomic_v2_with_view,31,0.078,0.003
0.5,0.6446444249341527,0.6610461114934618,0.7518590998043053,0.703534151254349,0.630046998935857,0.26806656634408055,0.7396382043811753,0.8114486521062669,1016,985,634,1921,svm_rbf_balanced__combined_v2_with_view,svm_rbf,balanced,combined_v2_with_view,130,7.782,0.374
0.5,0.7197102721685689,0.9117268041237113,0.5538160469667319,0.6890674458242025,0.7169612953396737,0.5082512533671864,0.7972931342547904,0.8098878044644968,1864,137,1140,1415,logistic_regression_none__ergonomic_14,logistic_regression,none,ergonomic_14,14,0.054,0.002
0.5,0.6266461808604039,0.6485734168406402,0.7295499021526419,0.6866826303186591,0.6124154395144747,0.23118695389026916,0.7343951312015226,0.8108043537292513,991,1010,691,1864,svm_rbf_none__combined_v2_with_view,svm_rbf,none,combined_v2_with_view,130,7.812,0.329
0.5,0.7164179104477612,0.9310580204778157,0.5338551859099804,0.6786069651741293,0.7124378109452736,0.5136174133604967,0.8105655587079259,0.8439379650887948,1900,101,1191,1364,logistic_regression_balanced__ergonomic_v2_with_view,logistic_regression,balanced,ergonomic_v2_with_view,31,0.086,0.003
0.5,0.6878841088674276,0.9060931899641577,0.49471624266144815,0.64,0.682262688880279,0.46219890571500427,0.7125437281359321,0.7896992369975939,1870,131,1291,1264,logistic_regression_none__combined_v2,logistic_regression,none,combined_v2,126,0.631,0.007
0.5,0.634108867427568,0.7288659793814433,0.5534246575342465,0.6291434927697441,0.6340432646867997,0.2916280185545748,0.6807654880974385,0.7524091169080728,1475,526,1141,1414,svm_rbf_none__ergonomic_14,svm_rbf,none,ergonomic_14,14,4.723,0.441
0.5,0.679982440737489,0.9078066914498141,0.47788649706457925,0.6261538461538462,0.6732073912273452,0.45252739580738455,0.7122736087924727,0.7934515887004918,1877,124,1334,1221,logistic_regression_balanced__combined_v2,logistic_regression,balanced,combined_v2,126,0.6,0.007
0.5,0.6837137840210711,0.9392744479495269,0.46614481409001957,0.6230708867381638,0.6753093136659244,0.47358311994773583,0.848573169383997,0.8707514562160634,1924,77,1364,1191,logistic_regression_none__ergonomic_v2,logistic_regression,none,ergonomic_v2,27,0.068,0.002
0.5,0.6284021071115014,0.7297441364605544,0.535812133072407,0.6179192055969307,0.628122174898444,0.28481284401179524,0.6665448097868873,0.7874192738876707,1494,507,1186,1369,mlp_sklearn_none__combined_v2_with_view,mlp_sklearn,none,combined_v2_with_view,130,7.653,0.009
0.5,0.6167690956979807,0.708397733127254,0.538160469667319,0.6116548042704626,0.6167026187730129,0.2562267260402647,0.6709230511945593,0.743657803379724,1435,566,1180,1375,svm_rbf_balanced__ergonomic_14,svm_rbf,balanced,ergonomic_14,14,4.884,0.454
0.5,0.6611062335381914,0.8970934799685781,0.44696673189823877,0.5966562173458725,0.6522266703686213,0.4219522307436018,0.8091128603995458,0.8015268475505106,1870,131,1413,1142,logistic_regression_balanced__ergonomic_14,logistic_regression,balanced,ergonomic_14,14,0.053,0.002
0.5,0.6668129938542581,0.9420289855072463,0.4324853228962818,0.5928111587982833,0.6554323253129604,0.4523242165205954,0.8375632144788663,0.8638120649318775,1933,68,1450,1105,logistic_regression_balanced__ergonomic_v2,logistic_regression,balanced,ergonomic_v2,27,0.077,0.002
0.5,0.6330114135206322,0.8001359619306594,0.46066536203522507,0.5846994535519126,0.6279769387303409,0.33300698421854175,0.6302561048243002,0.7623737518112679,1707,294,1378,1177,mlp_sklearn_none__normalized_99,mlp_sklearn,none,normalized_99,99,4.65,0.007
0.5,0.6051360842844601,0.7174913693901036,0.48806262230919767,0.5809457255998136,0.6038158800233971,0.24795170937568847,0.6621635366269898,0.740285799931901,1510,491,1308,1247,svm_rbf_balanced__ergonomic_v2,svm_rbf,balanced,ergonomic_v2,27,4.192,0.384
0.5,0.5327041264266901,0.5865853658536585,0.5647749510763209,0.5754735792622133,0.5279125279762372,0.0562895368525194,0.6241762680303684,0.7005144810276687,984,1017,1112,1443,mlp_sklearn_none__ergonomic_v2_with_view,mlp_sklearn,none,ergonomic_v2_with_view,31,2.95,0.004
0.5,0.6009657594381036,0.7176609568812758,0.4755381604696673,0.5720338983050848,0.5991337254683319,0.24305261655550917,0.6334621339036939,0.7548171023938868,1523,478,1340,1215,mlp_sklearn_none__combined_v2,mlp_sklearn,none,combined_v2,126,6.996,0.008
0.5,0.6011852502194908,0.7269372693726938,0.4626223091976517,0.5654149724946185,0.5984649390966299,0.24937964450127129,0.668186063524011,0.7472311474238182,1557,444,1373,1182,svm_rbf_none__ergonomic_v2,svm_rbf,none,ergonomic_v2,27,4.048,0.372
0.5,0.5924056189640036,0.7092326139088729,0.46301369863013697,0.5602652143026284,0.5902164688817295,0.22729849783852973,0.638011327017509,0.7268018679961595,1516,485,1372,1183,svm_rbf_balanced__ergonomic_v2_with_view,svm_rbf,balanced,ergonomic_v2_with_view,31,4.143,0.371
0.5,0.5974539069359087,0.7243310516490354,0.45557729941291586,0.5593464680442095,0.5944207087695794,0.24324185041522542,0.6322578436808992,0.7244071282457898,1558,443,1391,1164,svm_rbf_none__ergonomic_v2_with_view,svm_rbf,none,ergonomic_v2_with_view,31,4.121,0.348
0.5,0.5643107989464442,0.6710684273709484,0.437573385518591,0.5297322909263208,0.5619424079861619,0.16869749207047818,0.597190250276036,0.6311003201693494,1453,548,1437,1118,mlp_sklearn_none__ergonomic_14,mlp_sklearn,none,ergonomic_14,14,2.866,0.003
0.5,0.5588235294117647,0.6642555756479807,0.43131115459882585,0.5230185097294732,0.5563234647463209,0.15775095188509392,0.5851317980931257,0.6405954055955099,1444,557,1453,1102,mlp_sklearn_none__ergonomic_v2,mlp_sklearn,none,ergonomic_v2,27,3.198,0.004
0.5,0.4438103599648815,0.6909090909090909,0.01487279843444227,0.029118773946360154,0.3196962679328848,0.02898028927623365,0.4070266236744642,0.5099624995770908,1984,17,2517,38,logistic_regression_none__normalized_99,logistic_regression,none,normalized_99,99,0.627,0.006
0.5,0.44073748902546095,0.6129032258064516,0.007436399217221135,0.014694508894044857,0.31212813094104636,0.008689797731403326,0.4019667270083158,0.5032872692411983,1989,12,2536,19,logistic_regression_balanced__normalized_99,logistic_regression,balanced,normalized_99,99,0.601,0.006
