threshold,accuracy,precision_incorrect,recall_incorrect,f1_incorrect,macro_f1,mcc,roc_auc,pr_auc,true_negative,false_positive,false_negative,true_positive,model_id,algorithm,class_weight,feature_set
0.3,0.8037752414398596,0.7644062400509392,0.9397260273972603,0.8430477528089888,0.7906690754677262,0.6112428588985374,0.9303931204652076,0.9526466487202077,1261,740,154,2401,hist_gradient_boosting_none__ergonomic_v2,hist_gradient_boosting,none,ergonomic_v2
0.31,0.8083845478489904,0.7695512820512821,0.9397260273972603,0.8461674008810572,0.7960834094891175,0.6200063523788821,0.9303931204652076,0.9526466487202077,1282,719,154,2401,hist_gradient_boosting_none__ergonomic_v2,hist_gradient_boosting,none,ergonomic_v2
0.32,0.8107989464442493,0.7724493080141616,0.9393346379647749,0.847756976333451,0.7989509519348414,0.6244823489013077,0.9303931204652076,0.9526466487202077,1294,707,155,2400,hist_gradient_boosting_none__ergonomic_v2,hist_gradient_boosting,none,ergonomic_v2
0.33,0.8162862159789289,0.7790773229369721,0.9385518590998043,0.8514113261139712,0.8054124753593713,0.6347058841098109,0.9303931204652076,0.9526466487202077,1321,680,157,2398,hist_gradient_boosting_none__ergonomic_v2,hist_gradient_boosting,none,ergonomic_v2
0.34,0.8169446883230904,0.7803844900619095,0.9373776908023483,0.8517069701280228,0.8063007327704335,0.6356402997929622,0.9303931204652076,0.9526466487202077,1327,674,160,2395,hist_gradient_boosting_none__ergonomic_v2,hist_gradient_boosting,none,ergonomic_v2
0.35,0.8180421422300264,0.7829508196721311,0.9346379647749511,0.8520963425512935,0.8078559842211843,0.6370186278195629,0.9303931204652076,0.9526466487202077,1339,662,167,2388,hist_gradient_boosting_none__ergonomic_v2,hist_gradient_boosting,none,ergonomic_v2
0.36,0.8211150131694469,0.7871287128712872,0.9334637964774951,0.8540734109221128,0.8114994216504525,0.6426143827335092,0.9303931204652076,0.9526466487202077,1356,645,170,2385,hist_gradient_boosting_none__ergonomic_v2,hist_gradient_boosting,none,ergonomic_v2
0.37,0.8226514486391572,0.7897180762852405,0.9318982387475538,0.8549371633752244,0.8134087284973242,0.6451922531369476,0.9303931204652076,0.9526466487202077,1367,634,174,2381,hist_gradient_boosting_none__ergonomic_v2,hist_gradient_boosting,none,ergonomic_v2
0.38,0.8239683933274803,0.7916805324459235,0.9311154598825832,0.8557553956834533,0.8149835536975825,0.6475455976862298,0.9303931204652076,0.9526466487202077,1375,626,176,2379,hist_gradient_boosting_none__ergonomic_v2,hist_gradient_boosting,none,ergonomic_v2
0.39,0.8261633011413521,0.7953098827470687,0.9291585127201566,0.8570397111913357,0.8176575935575939,0.651346216372866,0.9303931204652076,0.9526466487202077,1390,611,181,2374,hist_gradient_boosting_none__ergonomic_v2,hist_gradient_boosting,none,ergonomic_v2
0.4,0.8276997366110623,0.7983816587997303,0.9268101761252446,0.8578156131135664,0.8196067762031212,0.6538325932672363,0.9303931204652076,0.9526466487202077,1403,598,187,2368,hist_gradient_boosting_none__ergonomic_v2,hist_gradient_boosting,none,ergonomic_v2
0.41,0.8292361720807726,0.8002703616086516,0.9268101761252446,0.8589046064562931,0.8213366834393749,0.6568079850989327,0.9303931204652076,0.9526466487202077,1410,591,187,2368,hist_gradient_boosting_none__ergonomic_v2,hist_gradient_boosting,none,ergonomic_v2
0.42,0.83099209833187,0.8032619775739042,0.9252446183953034,0.85994907238996,0.823444375707985,0.6599152982610328,0.9303931204652076,0.9526466487202077,1422,579,191,2364,hist_gradient_boosting_none__ergonomic_v2,hist_gradient_boosting,none,ergonomic_v2
0.43,0.8336259877085163,0.8069695934403827,0.9244618395303327,0.861729295877417,0.8264569344400858,0.664893067796536,0.9303931204652076,0.9526466487202077,1436,565,193,2362,hist_gradient_boosting_none__ergonomic_v2,hist_gradient_boosting,none,ergonomic_v2
0.44,0.8347234416154522,0.8091969800960879,0.9228962818003914,0.8623148656061437,0.8278085445241807,0.6667623518169525,0.9303931204652076,0.9526466487202077,1445,556,197,2358,hist_gradient_boosting_none__ergonomic_v2,hist_gradient_boosting,none,ergonomic_v2
0.45,0.8388937664618086,0.8151609553478713,0.9217221135029354,0.8651726671565025,0.8325318079512065,0.6747189940332622,0.9303931204652076,0.9526466487202077,1467,534,200,2355,hist_gradient_boosting_none__ergonomic_v2,hist_gradient_boosting,none,ergonomic_v2
0.46,0.8410886742756805,0.8184347826086956,0.9209393346379647,0.8666666666666667,0.8350172007966685,0.6789003901366905,0.9303931204652076,0.9526466487202077,1479,522,202,2353,hist_gradient_boosting_none__ergonomic_v2,hist_gradient_boosting,none,ergonomic_v2
0.47,0.8430640913081651,0.8212290502793296,0.9205479452054794,0.8680568370548072,0.8372236527543193,0.682719378897018,0.9303931204652076,0.9526466487202077,1489,512,203,2352,hist_gradient_boosting_none__ergonomic_v2,hist_gradient_boosting,none,ergonomic_v2
0.48,0.8437225636523266,0.8225411270563528,0.9197651663405088,0.868440502586844,0.8380040350772058,0.6839067117857355,0.9303931204652076,0.9526466487202077,1494,507,205,2350,hist_gradient_boosting_none__ergonomic_v2,hist_gradient_boosting,none,ergonomic_v2
0.49,0.8446005267778753,0.8243765367053039,0.9185909980430529,0.8689374305812662,0.8390509255332207,0.6854817617373822,0.9303931204652076,0.9526466487202077,1501,500,208,2347,hist_gradient_boosting_none__ergonomic_v2,hist_gradient_boosting,none,ergonomic_v2
0.5,0.8465759438103599,0.8274523641496119,0.9178082191780822,0.8702913341992948,0.8412697605726531,0.68927927847618,0.9303931204652076,0.9526466487202077,1512,489,210,2345,hist_gradient_boosting_none__ergonomic_v2,hist_gradient_boosting,none,ergonomic_v2
0.51,0.8470149253731343,0.8287331917905166,0.9166340508806262,0.8704701728303289,0.8418284930085711,0.6900109320757896,0.9303931204652076,0.9526466487202077,1517,484,213,2342,hist_gradient_boosting_none__ergonomic_v2,hist_gradient_boosting,none,ergonomic_v2
0.52,0.8500877963125548,0.8333333333333334,0.9158512720156555,0.8726459071415252,0.8452319959820723,0.6960074101061822,0.9303931204652076,0.9526466487202077,1533,468,215,2340,hist_gradient_boosting_none__ergonomic_v2,hist_gradient_boosting,none,ergonomic_v2
0.53,0.8505267778753293,0.8341654778887304,0.9154598825831702,0.8729240529949618,0.8457346084319333,0.6968383037768262,0.9303931204652076,0.9526466487202077,1536,465,216,2339,hist_gradient_boosting_none__ergonomic_v2,hist_gradient_boosting,none,ergonomic_v2
0.54,0.8522827041264267,0.8370343839541547,0.9146771037181997,0.8741350289882177,0.8476916844808287,0.7002490490751944,0.9303931204652076,0.9526466487202077,1546,455,218,2337,hist_gradient_boosting_none__ergonomic_v2,hist_gradient_boosting,none,ergonomic_v2
0.55,0.8531606672519754,0.8384781048097631,0.9142857142857143,0.8747425575734881,0.8486680170524561,0.7019592900343143,0.9303931204652076,0.9526466487202077,1551,450,219,2336,hist_gradient_boosting_none__ergonomic_v2,hist_gradient_boosting,none,ergonomic_v2
0.56,0.8531606672519754,0.8394528437724982,0.912720156555773,0.8745546596662291,0.8487618495473247,0.7018270175808385,0.9303931204652076,0.9526466487202077,1555,446,223,2332,hist_gradient_boosting_none__ergonomic_v2,hist_gradient_boosting,none,ergonomic_v2
0.57,0.8531606672519754,0.8396974063400576,0.9123287671232877,0.8745075970737197,0.8487851394519617,0.701795476583538,0.9303931204652076,0.9526466487202077,1556,445,224,2331,hist_gradient_boosting_none__ergonomic_v2,hist_gradient_boosting,none,ergonomic_v2
0.58,0.8544776119402985,0.8420101229211858,0.911545988258317,0.8753993610223643,0.8502557343228414,0.7043635417816712,0.9303931204652076,0.9526466487202077,1564,437,226,2329,hist_gradient_boosting_none__ergonomic_v2,hist_gradient_boosting,none,ergonomic_v2
0.59,0.8555750658472344,0.8442831215970962,0.910371819960861,0.8760828625235405,0.8515080277899134,0.7064761165215133,0.9303931204652076,0.9526466487202077,1572,429,229,2326,hist_gradient_boosting_none__ergonomic_v2,hist_gradient_boosting,none,ergonomic_v2
0.6,0.8593064091308165,0.8497807017543859,0.9099804305283757,0.8788508788508789,0.8555468736049736,0.7139330646790641,0.9303931204652076,0.9526466487202077,1590,411,230,2325,hist_gradient_boosting_none__ergonomic_v2,hist_gradient_boosting,none,ergonomic_v2
0.61,0.8606233538191396,0.8529411764705882,0.9080234833659491,0.8796208530805687,0.8570634888285305,0.7164851152633767,0.9303931204652076,0.9526466487202077,1601,400,235,2320,hist_gradient_boosting_none__ergonomic_v2,hist_gradient_boosting,none,ergonomic_v2
0.62,0.8625987708516243,0.8568257491675916,0.9064579256360078,0.8809433244579689,0.8592573394474587,0.7204122127679035,0.9303931204652076,0.9526466487202077,1614,387,239,2316,hist_gradient_boosting_none__ergonomic_v2,hist_gradient_boosting,none,ergonomic_v2
0.63,0.8630377524143986,0.8582560296846011,0.9052837573385518,0.8811428571428571,0.8597842716579123,0.7212656210364887,0.9303931204652076,0.9526466487202077,1619,382,242,2313,hist_gradient_boosting_none__ergonomic_v2,hist_gradient_boosting,none,ergonomic_v2
0.64,0.8630377524143986,0.8601268183513614,0.9025440313111546,0.8808250572956455,0.8599171726106711,0.7212065259601353,0.9303931204652076,0.9526466487202077,1626,375,249,2306,hist_gradient_boosting_none__ergonomic_v2,hist_gradient_boosting,none,ergonomic_v2
0.65,0.8636962247585601,0.8616305160807779,0.901761252446184,0.8812392426850258,0.8606556759394741,0.7225352180700726,0.9303931204652076,0.9526466487202077,1631,370,251,2304,hist_gradient_boosting_none__ergonomic_v2,hist_gradient_boosting,none,ergonomic_v2
0.66,0.8694029850746269,0.8714935557240333,0.8998043052837573,0.885422684382823,0.8667991196856702,0.7341951835293715,0.9303931204652076,0.9526466487202077,1662,339,256,2299,hist_gradient_boosting_none__ergonomic_v2,hist_gradient_boosting,none,ergonomic_v2
0.67,0.8691834942932397,0.8722919042189282,0.898238747553816,0.8850752024681836,0.8666333730119828,0.7337667168353017,0.9303931204652076,0.9526466487202077,1665,336,260,2295,hist_gradient_boosting_none__ergonomic_v2,hist_gradient_boosting,none,ergonomic_v2
0.68,0.8700614574187884,0.8770649250864387,0.8935420743639921,0.8852268321054673,0.8677525156986619,0.7357040685743813,0.9303931204652076,0.9526466487202077,1681,320,272,2283,hist_gradient_boosting_none__ergonomic_v2,hist_gradient_boosting,none,ergonomic_v2
0.69,0.8700614574187884,0.8785190898573081,0.8915851272015656,0.885003885003885,0.8678298940660192,0.7357844027236136,0.9303931204652076,0.9526466487202077,1686,315,277,2278,hist_gradient_boosting_none__ergonomic_v2,hist_gradient_boosting,none,ergonomic_v2
0.7,0.8691834942932397,0.8789168278529981,0.8892367906066536,0.8840466926070039,0.8669981700698665,0.7340738643599912,0.9303931204652076,0.9526466487202077,1688,313,283,2272,hist_gradient_boosting_none__ergonomic_v2,hist_gradient_boosting,none,ergonomic_v2
0.71,0.8674275680421423,0.8797197353055664,0.8845401174168297,0.8821233411397346,0.8653344890252334,0.7306857994286421,0.9303931204652076,0.9526466487202077,1692,309,295,2260,hist_gradient_boosting_none__ergonomic_v2,hist_gradient_boosting,none,ergonomic_v2
0.72,0.8698419666374012,0.8847058823529412,0.8829745596868884,0.8838393731635651,0.8679241787205397,0.735850505414522,0.9303931204652076,0.9526466487202077,1707,294,299,2256,hist_gradient_boosting_none__ergonomic_v2,hist_gradient_boosting,none,ergonomic_v2
0.73,0.8705004389815628,0.8884934756820878,0.8794520547945206,0.8839496459480723,0.8687374843444433,0.7375329883712115,0.9303931204652076,0.9526466487202077,1719,282,308,2247,hist_gradient_boosting_none__ergonomic_v2,hist_gradient_boosting,none,ergonomic_v2
0.74,0.8746707638279192,0.8974358974358975,0.8767123287671232,0.8869530785982974,0.8731736582353713,0.7466467581993007,0.9303931204652076,0.9526466487202077,1745,256,315,2240,hist_gradient_boosting_none__ergonomic_v2,hist_gradient_boosting,none,ergonomic_v2
0.75,0.875548726953468,0.9027552674230146,0.8720156555772994,0.8871192514433606,0.8742272706226341,0.7491049818938672,0.9303931204652076,0.9526466487202077,1761,240,327,2228,hist_gradient_boosting_none__ergonomic_v2,hist_gradient_boosting,none,ergonomic_v2
0.76,0.8777436347673397,0.9104354971240756,0.8673189823874755,0.8883543796351975,0.8766292878045014,0.7545171977039389,0.9303931204652076,0.9526466487202077,1783,218,339,2216,hist_gradient_boosting_none__ergonomic_v2,hist_gradient_boosting,none,ergonomic_v2
0.77,0.8784021071115014,0.9173967459324155,0.860665362035225,0.8881260096930533,0.8774764663849882,0.7570962125440887,0.9303931204652076,0.9526466487202077,1803,198,356,2199,hist_gradient_boosting_none__ergonomic_v2,hist_gradient_boosting,none,ergonomic_v2
0.78,0.8808165057067603,0.924831081081081,0.8571428571428571,0.8897014015843998,0.8800380963519994,0.7630827416212096,0.9303931204652076,0.9526466487202077,1823,178,365,2190,hist_gradient_boosting_none__ergonomic_v2,hist_gradient_boosting,none,ergonomic_v2
0.79,0.8786215978928885,0.9259574468085107,0.8516634050880626,0.8872579001019368,0.8779051563737638,0.75941174703576,0.9303931204652076,0.9526466487202077,1827,174,379,2176,hist_gradient_boosting_none__ergonomic_v2,hist_gradient_boosting,none,ergonomic_v2
0.8,0.875548726953468,0.9266094420600859,0.8450097847358121,0.8839303991811669,0.8748963564394123,0.7541127111260814,0.9303931204652076,0.9526466487202077,1830,171,396,2159,hist_gradient_boosting_none__ergonomic_v2,hist_gradient_boosting,none,ergonomic_v2
0.3,0.5965759438103599,0.5821305841924399,0.9945205479452055,0.7343930635838151,0.44794470697438926,0.20547754071706698,0.9095224403453851,0.9334511788566117,177,1824,14,2541,random_forest_balanced__ergonomic_v2_with_view,random_forest,balanced,ergonomic_v2_with_view
0.31,0.603819139596137,0.5866851595006934,0.9933463796477495,0.7376834762389187,0.46431462023510256,0.22621040625866926,0.9095224403453851,0.9334511788566117,213,1788,17,2538,random_forest_balanced__ergonomic_v2_with_view,random_forest,balanced,ergonomic_v2_with_view
0.32,0.6117208077260755,0.5916083916083916,0.9933463796477495,0.741563184806428,0.48061838111075705,0.24930812011719905,0.9095224403453851,0.9334511788566117,249,1752,17,2538,random_forest_balanced__ergonomic_v2_with_view,random_forest,balanced,ergonomic_v2_with_view
0.33,0.6231343283582089,0.5991950757575758,0.9906066536203523,0.7467178049859862,0.5053777623301127,0.27595932718113886,0.9095224403453851,0.9334511788566117,308,1693,24,2531,random_forest_balanced__ergonomic_v2_with_view,random_forest,balanced,ergonomic_v2_with_view
0.34,0.637620719929763,0.6088631984585742,0.9894324853228963,0.7538392724019681,0.5336763929577408,0.31047375686051915,0.9095224403453851,0.9334511788566117,377,1624,27,2528,random_forest_balanced__ergonomic_v2_with_view,random_forest,balanced,ergonomic_v2_with_view
0.35,0.6584723441615452,0.6233028881757591,0.9882583170254403,0.7644565546472903,0.5717733691033738,0.3567036537014319,0.9095224403453851,0.9334511788566117,475,1526,30,2525,random_forest_balanced__ergonomic_v2_with_view,random_forest,balanced,ergonomic_v2_with_view
0.36,0.6777875329236172,0.6374905135340247,0.9863013698630136,0.7744314689612785,0.6053416945420832,0.39565538595530014,0.9095224403453851,0.9334511788566117,568,1433,35,2520,random_forest_balanced__ergonomic_v2_with_view,random_forest,balanced,ergonomic_v2_with_view
0.37,0.7043459174714662,0.6587802313354364,0.9808219178082191,0.7881742412328983,0.6494449121166308,0.44403702373634857,0.9095224403453851,0.9334511788566117,703,1298,49,2506,random_forest_balanced__ergonomic_v2_with_view,random_forest,balanced,ergonomic_v2_with_view
0.38,0.7251975417032485,0.6767019256848387,0.9765166340508806,0.7994232617750721,0.6815931639885813,0.48104532561992386,0.9095224403453851,0.9334511788566117,809,1192,60,2495,random_forest_balanced__ergonomic_v2_with_view,random_forest,balanced,ergonomic_v2_with_view
0.39,0.7407813871817384,0.6911519198664441,0.9722113502935421,0.807936249796715,0.7046768660390932,0.5076766176662093,0.9095224403453851,0.9334511788566117,891,1110,71,2484,random_forest_balanced__ergonomic_v2_with_view,random_forest,balanced,ergonomic_v2_with_view
0.4,0.7594381035996488,0.7083690374178806,0.9706457925636007,0.8190224570673712,0.7301918568059369,0.5416676380577674,0.9095224403453851,0.9334511788566117,980,1021,75,2480,random_forest_balanced__ergonomic_v2_with_view,random_forest,balanced,ergonomic_v2_with_view
0.41,0.7776558384547849,0.7270318021201413,0.9663405088062622,0.8297765081498908,0.7546541509430251,0.5731079469624878,0.9095224403453851,0.9334511788566117,1074,927,86,2469,random_forest_balanced__ergonomic_v2_with_view,random_forest,balanced,ergonomic_v2_with_view
0.42,0.7914837576821774,0.7422275882885602,0.962426614481409,0.8381049761417859,0.7726283203766883,0.5968232344592467,0.9095224403453851,0.9334511788566117,1147,854,96,2459,random_forest_balanced__ergonomic_v2_with_view,random_forest,balanced,ergonomic_v2_with_view
0.43,0.8033362598770851,0.7562557924003707,0.9581213307240705,0.8453038674033149,0.7877121746655129,0.6169707246106578,0.9095224403453851,0.9334511788566117,1212,789,107,2448,random_forest_balanced__ergonomic_v2_with_view,random_forest,balanced,ergonomic_v2_with_view
0.44,0.8075065847234416,0.7628446115288221,0.9530332681017613,0.847398642770141,0.7933872857238521,0.6227855279821481,0.9095224403453851,0.9334511788566117,1244,757,120,2435,random_forest_balanced__ergonomic_v2_with_view,random_forest,balanced,ergonomic_v2_with_view
0.45,0.8180421422300264,0.7762483994878361,0.949119373776908,0.854023595703469,0.8062719201937094,0.641200892762105,0.9095224403453851,0.9334511788566117,1302,699,130,2425,random_forest_balanced__ergonomic_v2_with_view,random_forest,balanced,ergonomic_v2_with_view
0.46,0.8219929762949956,0.7833008447043535,0.9436399217221135,0.8560269838451979,0.8114570101749703,0.6469869637132788,0.9095224403453851,0.9334511788566117,1334,667,144,2411,random_forest_balanced__ergonomic_v2_with_view,random_forest,balanced,ergonomic_v2_with_view
0.47,0.8296751536435469,0.7958097771865646,0.9365949119373776,0.8604818410643653,0.8209451458842953,0.6597715762929632,0.9095224403453851,0.9334511788566117,1387,614,162,2393,random_forest_balanced__ergonomic_v2_with_view,random_forest,balanced,ergonomic_v2_with_view
0.48,0.8340649692712906,0.8043993231810491,0.9303326810176126,0.8627949183303085,0.8264557601090743,0.6668463081170782,0.9095224403453851,0.9334511788566117,1423,578,178,2377,random_forest_balanced__ergonomic_v2_with_view,random_forest,balanced,ergonomic_v2_with_view
0.49,0.8380158033362599,0.8155609586662036,0.9189823874755382,0.8641884431358116,0.8317679572938438,0.6725950866863529,0.9095224403453851,0.9334511788566117,1470,531,207,2348,random_forest_balanced__ergonomic_v2_with_view,random_forest,balanced,ergonomic_v2_with_view
0.5,0.8388937664618086,0.8236757909704941,0.9068493150684932,0.863263785394933,0.8336083884239622,0.672904177368041,0.9095224403453851,0.9334511788566117,1505,496,238,2317,random_forest_balanced__ergonomic_v2_with_view,random_forest,balanced,ergonomic_v2_with_view
0.51,0.8316505706760317,0.8291605301914581,0.8814090019569472,0.8544868146461772,0.827399616643578,0.6569631898230246,0.9095224403453851,0.9334511788566117,1537,464,303,2252,random_forest_balanced__ergonomic_v2_with_view,random_forest,balanced,ergonomic_v2_with_view
0.52,0.8213345039508341,0.8313665778454511,0.8547945205479452,0.8429177923581629,0.8178965552121603,0.636215845223587,0.9095224403453851,0.9334511788566117,1558,443,371,2184,random_forest_balanced__ergonomic_v2_with_view,random_forest,balanced,ergonomic_v2_with_view
0.53,0.8053116769095698,0.8317422434367542,0.8183953033268102,0.8250147958177155,0.8028116274413831,0.6057562418432241,0.9095224403453851,0.9334511788566117,1578,423,464,2091,random_forest_balanced__ergonomic_v2_with_view,random_forest,balanced,ergonomic_v2_with_view
0.54,0.7980684811237928,0.8357289527720739,0.7964774951076321,0.8156312625250501,0.7962193187928501,0.5935618905630424,0.9095224403453851,0.9334511788566117,1601,400,520,2035,random_forest_balanced__ergonomic_v2_with_view,random_forest,balanced,ergonomic_v2_with_view
0.55,0.7875329236172081,0.8407041648776299,0.7663405088062623,0.8018018018018018,0.7864259718564355,0.5767669281401603,0.9095224403453851,0.9334511788566117,1630,371,597,1958,random_forest_balanced__ergonomic_v2_with_view,random_forest,balanced,ergonomic_v2_with_view
0.56,0.7833625987708516,0.8459841129744042,0.7502935420743639,0.7952706907280647,0.7826271887571807,0.5716153241407127,0.9095224403453851,0.9334511788566117,1652,349,638,1917,random_forest_balanced__ergonomic_v2_with_view,random_forest,balanced,ergonomic_v2_with_view
0.57,0.7816066725197541,0.8597785977859779,0.7295499021526419,0.789328816430235,0.7813128474951357,0.574009166291683,0.9095224403453851,0.9334511788566117,1697,304,691,1864,random_forest_balanced__ergonomic_v2_with_view,random_forest,balanced,ergonomic_v2_with_view
0.58,0.7794117647058824,0.8686964795432921,0.7146771037181996,0.7841958342280438,0.7793033043194091,0.574182569981832,0.9095224403453851,0.9334511788566117,1725,276,729,1826,random_forest_balanced__ergonomic_v2_with_view,random_forest,balanced,ergonomic_v2_with_view
0.59,0.7833625987708516,0.8904382470119522,0.6998043052837574,0.7836949375410914,0.7833620873680397,0.5896385170121182,0.9095224403453851,0.9334511788566117,1781,220,767,1788,random_forest_balanced__ergonomic_v2_with_view,random_forest,balanced,ergonomic_v2_with_view
0.6,0.7864354697102721,0.9027494908350305,0.6939334637964775,0.7846868776277938,0.786421383512351,0.5997651975691419,0.9095224403453851,0.9334511788566117,1810,191,782,1773,random_forest_balanced__ergonomic_v2_with_view,random_forest,balanced,ergonomic_v2_with_view
0.61,0.7879719051799824,0.9278406031233172,0.6743639921722113,0.7810516772438804,0.7877598811751316,0.6134576475835912,0.9095224403453851,0.9334511788566117,1867,134,832,1723,random_forest_balanced__ergonomic_v2_with_view,random_forest,balanced,ergonomic_v2_with_view
0.62,0.7833625987708516,0.9399551066217733,0.6555772994129159,0.7724233341019138,0.7828608817106428,0.6123270663409777,0.9095224403453851,0.9334511788566117,1894,107,880,1675,random_forest_balanced__ergonomic_v2_with_view,random_forest,balanced,ergonomic_v2_with_view
0.63,0.7767778753292361,0.9528857479387515,0.6332681017612525,0.7608746766988008,0.7757861755587028,0.6089542597880908,0.9095224403453851,0.9334511788566117,1921,80,937,1618,random_forest_balanced__ergonomic_v2_with_view,random_forest,balanced,ergonomic_v2_with_view
0.64,0.7688762071992976,0.9653035935563816,0.6097847358121331,0.7474214439913648,0.7671964594021157,0.603696509993253,0.9095224403453851,0.9334511788566117,1945,56,997,1558,random_forest_balanced__ergonomic_v2_with_view,random_forest,balanced,ergonomic_v2_with_view
0.65,0.7541703248463565,0.972972972972973,0.5776908023483366,0.724950884086444,0.751364330932111,0.5867765915811418,0.9095224403453851,0.9334511788566117,1960,41,1079,1476,random_forest_balanced__ergonomic_v2_with_view,random_forest,balanced,ergonomic_v2_with_view
0.66,0.7449517120280948,0.9780370624571036,0.5577299412915852,0.7103688933200398,0.741262878032569,0.5764580155483752,0.9095224403453851,0.9334511788566117,1969,32,1130,1425,random_forest_balanced__ergonomic_v2_with_view,random_forest,balanced,ergonomic_v2_with_view
0.67,0.7363915715539947,0.9835714285714285,0.5389432485322896,0.6963337547408344,0.7317232085707275,0.5673707611745705,0.9095224403453851,0.9334511788566117,1978,23,1178,1377,random_forest_balanced__ergonomic_v2_with_view,random_forest,balanced,ergonomic_v2_with_view
0.68,0.7251975417032485,0.9851079672375279,0.5178082191780822,0.6788096459722934,0.7193434497602165,0.5527511150735486,0.9095224403453851,0.9334511788566117,1981,20,1232,1323,random_forest_balanced__ergonomic_v2_with_view,random_forest,balanced,ergonomic_v2_with_view
0.69,0.7107111501316945,0.9889328063241106,0.48962818003913894,0.6549738219895288,0.7029593221814613,0.534842138685689,0.9095224403453851,0.9334511788566117,1987,14,1304,1251,random_forest_balanced__ergonomic_v2_with_view,random_forest,balanced,ergonomic_v2_with_view
0.7,0.7025899912203687,0.9942339373970346,0.47240704500978475,0.640488193154683,0.6934426741554811,0.5263744591400809,0.9095224403453851,0.9334511788566117,1994,7,1348,1207,random_forest_balanced__ergonomic_v2_with_view,random_forest,balanced,ergonomic_v2_with_view
0.71,0.6911764705882353,0.9974003466204506,0.45048923679060665,0.6206524669722298,0.6801207920646823,0.512372241021061,0.9095224403453851,0.9334511788566117,1998,3,1404,1151,random_forest_balanced__ergonomic_v2_with_view,random_forest,balanced,ergonomic_v2_with_view
0.72,0.6769095697980685,0.9981600735970562,0.4246575342465753,0.5958264689730917,0.6633611321099462,0.49330727600654173,0.9095224403453851,0.9334511788566117,1999,2,1470,1085,random_forest_balanced__ergonomic_v2_with_view,random_forest,balanced,ergonomic_v2_with_view
0.73,0.6628621597892889,0.9990205680705191,0.39921722113502933,0.5704697986577181,0.646506575629437,0.47454421392014684,0.9095224403453851,0.9334511788566117,2000,1,1535,1020,random_forest_balanced__ergonomic_v2_with_view,random_forest,balanced,ergonomic_v2_with_view
0.74,0.6547410008779632,1.0,0.3843444227005871,0.5552728300819904,0.6365601818571387,0.46388097562608727,0.9095224403453851,0.9334511788566117,2001,0,1573,982,random_forest_balanced__ergonomic_v2_with_view,random_forest,balanced,ergonomic_v2_with_view
0.75,0.6444249341527656,1.0,0.3659491193737769,0.5358166189111748,0.6238314684737305,0.44969663218231204,0.9095224403453851,0.9334511788566117,2001,0,1620,935,random_forest_balanced__ergonomic_v2_with_view,random_forest,balanced,ergonomic_v2_with_view
0.76,0.6352063213345039,1.0,0.34951076320939334,0.5179814385150812,0.6122746175626252,0.4369536406521509,0.9095224403453851,0.9334511788566117,2001,0,1662,893,random_forest_balanced__ergonomic_v2_with_view,random_forest,balanced,ergonomic_v2_with_view
0.77,0.6286215978928885,1.0,0.33776908023483365,0.5049736688121709,0.6039093844587724,0.42780301019201983,0.9095224403453851,0.9334511788566117,2001,0,1692,863,random_forest_balanced__ergonomic_v2_with_view,random_forest,balanced,ergonomic_v2_with_view
0.78,0.624451273046532,1.0,0.33033268101761254,0.49661665195645777,0.5985621330848279,0.42198336562127275,0.9095224403453851,0.9334511788566117,2001,0,1711,844,random_forest_balanced__ergonomic_v2_with_view,random_forest,balanced,ergonomic_v2_with_view
0.79,0.6161106233538192,1.0,0.31545988258317026,0.4796191609639988,0.5877490692665586,0.410279652610728,0.9095224403453851,0.9334511788566117,2001,0,1749,806,random_forest_balanced__ergonomic_v2_with_view,random_forest,balanced,ergonomic_v2_with_view
0.8,0.6053555750658473,1.0,0.2962818003913894,0.4571256038647343,0.5735628019323671,0.39504028422472326,0.9095224403453851,0.9334511788566117,2001,0,1798,757,random_forest_balanced__ergonomic_v2_with_view,random_forest,balanced,ergonomic_v2_with_view
0.3,0.852721685689201,0.8250517598343685,0.9358121330724071,0.8769484687328076,0.8467825153174833,0.7039491130466384,0.9491293492197149,0.9620879770486879,1494,507,164,2391,hist_gradient_boosting_none__ergonomic_v2_with_view,hist_gradient_boosting,none,ergonomic_v2_with_view
0.31,0.8520632133450395,0.825996533795494,0.9326810176125244,0.8761029411764706,0.846275871459695,0.7021323309805299,0.9491293492197149,0.9620879770486879,1499,502,172,2383,hist_gradient_boosting_none__ergonomic_v2_with_view,hist_gradient_boosting,none,ergonomic_v2_with_view
0.32,0.8533801580333626,0.8281739130434783,0.9318982387475538,0.8769797421731124,0.847778301287534,0.7045641314476846,0.9491293492197149,0.9620879770486879,1507,494,174,2381,hist_gradient_boosting_none__ergonomic_v2_with_view,hist_gradient_boosting,none,ergonomic_v2_with_view
0.33,0.8540386303775241,0.8297278436845779,0.9307240704500979,0.8773289061058845,0.8485804649738309,0.7056623239091838,0.9491293492197149,0.9620879770486879,1513,488,177,2378,hist_gradient_boosting_none__ergonomic_v2_with_view,hist_gradient_boosting,none,ergonomic_v2_with_view
0.34,0.8568920105355575,0.833976833976834,0.9299412915851272,0.8793486306439674,0.8517563002195025,0.7111148127840774,0.9491293492197149,0.9620879770486879,1528,473,179,2376,hist_gradient_boosting_none__ergonomic_v2_with_view,hist_gradient_boosting,none,ergonomic_v2_with_view
0.35,0.8582089552238806,0.83668430335097,0.9283757338551859,0.8801484230055658,0.8532929111266411,0.7134761587343741,0.9491293492197149,0.9620879770486879,1538,463,183,2372,hist_gradient_boosting_none__ergonomic_v2_with_view,hist_gradient_boosting,none,ergonomic_v2_with_view
0.36,0.8590869183494293,0.8383445348425893,0.9275929549902152,0.8807134894091416,0.8542977634713269,0.7150961750241667,0.9491293492197149,0.9620879770486879,1544,457,185,2370,hist_gradient_boosting_none__ergonomic_v2_with_view,hist_gradient_boosting,none,ergonomic_v2_with_view
0.37,0.8588674275680421,0.8387668320340185,0.9264187866927593,0.8804165891761205,0.8541306506790911,0.7145182083206559,0.9491293492197149,0.9620879770486879,1546,455,188,2367,hist_gradient_boosting_none__ergonomic_v2_with_view,hist_gradient_boosting,none,ergonomic_v2_with_view
0.38,0.8597453906935909,0.8404406538734897,0.9256360078277887,0.8809834233563048,0.8551323742482833,0.7161510536711378,0.9491293492197149,0.9620879770486879,1552,449,190,2365,hist_gradient_boosting_none__ergonomic_v2_with_view,hist_gradient_boosting,none,ergonomic_v2_with_view
0.39,0.8601843722563652,0.8420114122681883,0.9240704500978474,0.8811345400261242,0.8557018290325132,0.7168383658752697,0.9491293492197149,0.9620879770486879,1558,443,194,2361,hist_gradient_boosting_none__ergonomic_v2_with_view,hist_gradient_boosting,none,ergonomic_v2_with_view
0.4,0.8599648814749781,0.842443729903537,0.9228962818003914,0.8808367575644378,0.8555328013474132,0.7162786379678718,0.9491293492197149,0.9620879770486879,1560,441,197,2358,hist_gradient_boosting_none__ergonomic_v2_with_view,hist_gradient_boosting,none,ergonomic_v2_with_view
0.41,0.8601843722563652,0.8447160316319194,0.9197651663405088,0.8806445568671538,0.8559514175064247,0.7164039993475504,0.9491293492197149,0.9620879770486879,1569,432,205,2350,hist_gradient_boosting_none__ergonomic_v2_with_view,hist_gradient_boosting,none,ergonomic_v2_with_view
0.42,0.8606233538191396,0.8455723542116631,0.9193737769080235,0.880930058128633,0.8564480933670421,0.7172398210684375,0.9491293492197149,0.9620879770486879,1572,429,206,2349,hist_gradient_boosting_none__ergonomic_v2_with_view,hist_gradient_boosting,none,ergonomic_v2_with_view
0.43,0.8606233538191396,0.8463203463203464,0.9181996086105675,0.8807959451849071,0.8565142209411987,0.7171377281418292,0.9491293492197149,0.9620879770486879,1575,426,209,2346,hist_gradient_boosting_none__ergonomic_v2_with_view,hist_gradient_boosting,none,ergonomic_v2_with_view
0.44,0.8604038630377524,0.8475190148496922,0.9158512720156555,0.8803611738148984,0.8564081949158792,0.7165125263621259,0.9491293492197149,0.9620879770486879,1580,421,215,2340,hist_gradient_boosting_none__ergonomic_v2_with_view,hist_gradient_boosting,none,ergonomic_v2_with_view
0.45,0.8612818261633012,0.8492553577915002,0.915068493150685,0.8809344385832706,0.8573967671360097,0.718207866116173,0.9491293492197149,0.9620879770486879,1586,415,217,2338,hist_gradient_boosting_none__ergonomic_v2_with_view,hist_gradient_boosting,none,ergonomic_v2_with_view
0.46,0.8625987708516243,0.85187887632251,0.913894324853229,0.881797583081571,0.8588757307441398,0.7207641605821815,0.9491293492197149,0.9620879770486879,1595,406,220,2335,hist_gradient_boosting_none__ergonomic_v2_with_view,hist_gradient_boosting,none,ergonomic_v2_with_view
0.47,0.8628182616330115,0.8532210834553441,0.9123287671232877,0.8817855116323057,0.8591934094109241,0.7211122876804132,0.9491293492197149,0.9620879770486879,1600,401,224,2331,hist_gradient_boosting_none__ergonomic_v2_with_view,hist_gradient_boosting,none,ergonomic_v2_with_view
0.48,0.8645741878841089,0.8580931263858093,0.9088062622309198,0.882721915985554,0.8612518954116293,0.7244845994345398,0.9491293492197149,0.9620879770486879,1617,384,233,2322,hist_gradient_boosting_none__ergonomic_v2_with_view,hist_gradient_boosting,none,ergonomic_v2_with_view
0.49,0.8645741878841089,0.8583579881656804,0.9084148727984345,0.8826773150789123,0.8612711776536529,0.72447052796624,0.9491293492197149,0.9620879770486879,1618,383,234,2321,hist_gradient_boosting_none__ergonomic_v2_with_view,hist_gradient_boosting,none,ergonomic_v2_with_view
0.5,0.8645741878841089,0.8588888888888889,0.9076320939334638,0.8825880114176974,0.8613095618405573,0.724444197369675,0.9491293492197149,0.9620879770486879,1620,381,236,2319,hist_gradient_boosting_none__ergonomic_v2_with_view,hist_gradient_boosting,none,ergonomic_v2_with_view
0.51,0.8665496049165935,0.8628401043607902,0.9060665362035225,0.8839251622756777,0.8634907174310759,0.7284039513435923,0.9491293492197149,0.9620879770486879,1633,368,240,2315,hist_gradient_boosting_none__ergonomic_v2_with_view,hist_gradient_boosting,none,ergonomic_v2_with_view
0.52,0.8674275680421423,0.8652190190939723,0.9045009784735812,0.884424033677765,0.8644971429325521,0.7301620735571207,0.9491293492197149,0.9620879770486879,1641,360,244,2311,hist_gradient_boosting_none__ergonomic_v2_with_view,hist_gradient_boosting,none,ergonomic_v2_with_view
0.53,0.8680860403863038,0.8664666166541636,0.9041095890410958,0.8848879524995211,0.8652144722662087,0.731498426216796,0.9491293492197149,0.9620879770486879,1645,356,245,2310,hist_gradient_boosting_none__ergonomic_v2_with_view,hist_gradient_boosting,none,ergonomic_v2_with_view
0.54,0.8683055311676909,0.8673431040962044,0.9033268101761253,0.8849693251533742,0.8654826091885968,0.731940186600709,0.9491293492197149,0.9620879770486879,1648,353,247,2308,hist_gradient_boosting_none__ergonomic_v2_with_view,hist_gradient_boosting,none,ergonomic_v2_with_view
0.55,0.8687445127304653,0.8685499058380415,0.9025440313111546,0.8852207293666027,0.8659829941041112,0.7328335415330428,0.9491293492197149,0.9620879770486879,1652,349,249,2306,hist_gradient_boosting_none__ergonomic_v2_with_view,hist_gradient_boosting,none,ergonomic_v2_with_view
0.56,0.8698419666374012,0.8710287443267776,0.9013698630136986,0.8859396037699557,0.8671967377398206,0.7350806830112999,0.9491293492197149,0.9620879770486879,1660,341,252,2303,hist_gradient_boosting_none__ergonomic_v2_with_view,hist_gradient_boosting,none,ergonomic_v2_with_view
0.57,0.8702809482001755,0.8725341426403642,0.9001956947162426,0.8861491042188403,0.8677111244124041,0.7359912415205094,0.9491293492197149,0.9620879770486879,1665,336,255,2300,hist_gradient_boosting_none__ergonomic_v2_with_view,hist_gradient_boosting,none,ergonomic_v2_with_view
0.58,0.8711589113257243,0.875,0.8986301369863013,0.886657655918131,0.8687038597414198,0.7378204870667842,0.9491293492197149,0.9620879770486879,1673,328,259,2296,hist_gradient_boosting_none__ergonomic_v2_with_view,hist_gradient_boosting,none,ergonomic_v2_with_view
0.59,0.8726953467954346,0.8782075833014171,0.8974559686888454,0.8877274487030584,0.8703715804082955,0.7410151580331156,0.9491293492197149,0.9620879770486879,1683,318,262,2293,hist_gradient_boosting_none__ergonomic_v2_with_view,hist_gradient_boosting,none,ergonomic_v2_with_view
0.6,0.8735733099209834,0.8801383019592778,0.8966731898238748,0.8883288096161303,0.8713267720311304,0.7428534176106499,0.9491293492197149,0.9620879770486879,1689,312,264,2291,hist_gradient_boosting_none__ergonomic_v2_with_view,hist_gradient_boosting,none,ergonomic_v2_with_view
0.61,0.8735733099209834,0.8816043193212495,0.8947162426614481,0.8881118881118881,0.8714020590912619,0.7429292557191007,0.9491293492197149,0.9620879770486879,1694,307,269,2286,hist_gradient_boosting_none__ergonomic_v2_with_view,hist_gradient_boosting,none,ergonomic_v2_with_view
0.62,0.8740122914837577,0.8837659821774506,0.8927592954990216,0.8882398753894081,0.8719368391031548,0.7439322200568914,0.9491293492197149,0.9620879770486879,1701,300,274,2281,hist_gradient_boosting_none__ergonomic_v2_with_view,hist_gradient_boosting,none,ergonomic_v2_with_view
0.63,0.8731343283582089,0.8850798597584729,0.8892367906066536,0.8871534556813745,0.8711456501464516,0.7423037407516134,0.9491293492197149,0.9620879770486879,1706,295,283,2272,hist_gradient_boosting_none__ergonomic_v2_with_view,hist_gradient_boosting,none,ergonomic_v2_with_view
0.64,0.8733538191395961,0.8866301798279906,0.8876712328767123,0.8871504009387835,0.871432164710452,0.7428651064916822,0.9491293492197149,0.9620879770486879,1711,290,287,2268,hist_gradient_boosting_none__ergonomic_v2_with_view,hist_gradient_boosting,none,ergonomic_v2_with_view
0.65,0.8746707638279192,0.8890196078431373,0.8872798434442271,0.8881488736532811,0.8728241248725601,0.7456504100484724,0.9491293492197149,0.9620879770486879,1718,283,288,2267,hist_gradient_boosting_none__ergonomic_v2_with_view,hist_gradient_boosting,none,ergonomic_v2_with_view
0.66,0.8753292361720808,0.8909878000787091,0.8861056751467711,0.8885400313971743,0.8735528842244835,0.7471227046793755,0.9491293492197149,0.9620879770486879,1724,277,291,2264,hist_gradient_boosting_none__ergonomic_v2_with_view,hist_gradient_boosting,none,ergonomic_v2_with_view
0.67,0.8768656716417911,0.8940711462450592,0.8853228962818004,0.8896755162241888,0.8751829282139072,0.7504199080888739,0.9491293492197149,0.9620879770486879,1733,268,293,2262,hist_gradient_boosting_none__ergonomic_v2_with_view,hist_gradient_boosting,none,ergonomic_v2_with_view
0.68,0.8777436347673397,0.8958003169572107,0.8849315068493151,0.8903327426658791,0.8761110775070036,0.7523053080757448,0.9491293492197149,0.9620879770486879,1738,263,294,2261,hist_gradient_boosting_none__ergonomic_v2_with_view,hist_gradient_boosting,none,ergonomic_v2_with_view
0.69,0.8777436347673397,0.8973747016706444,0.8829745596868884,0.8901163937660288,0.8761737051689407,0.752492742373051,0.9491293492197149,0.9620879770486879,1743,258,299,2256,hist_gradient_boosting_none__ergonomic_v2_with_view,hist_gradient_boosting,none,ergonomic_v2_with_view
0.7,0.8790605794556628,0.9011208967173739,0.8810176125244619,0.8909558678013062,0.8776040733438657,0.7554891159892588,0.9491293492197149,0.9620879770486879,1754,247,304,2251,hist_gradient_boosting_none__ergonomic_v2_with_view,hist_gradient_boosting,none,ergonomic_v2_with_view
0.71,0.8823529411764706,0.9088699878493317,0.8782778864970646,0.893312101910828,0.8810983210141223,0.7628373203483683,0.9491293492197149,0.9620879770486879,1776,225,311,2244,hist_gradient_boosting_none__ergonomic_v2_with_view,hist_gradient_boosting,none,ergonomic_v2_with_view
0.72,0.8863037752414399,0.9158840342997142,0.8778864970645792,0.8964828137490009,0.8851936950926114,0.7713638427157853,0.9491293492197149,0.9620879770486879,1795,206,312,2243,hist_gradient_boosting_none__ergonomic_v2_with_view,hist_gradient_boosting,none,ergonomic_v2_with_view
0.73,0.8882791922739245,0.921334431630972,0.8755381604696674,0.8978526991772025,0.887289149297974,0.775981315513074,0.9491293492197149,0.9620879770486879,1810,191,318,2237,hist_gradient_boosting_none__ergonomic_v2_with_view,hist_gradient_boosting,none,ergonomic_v2_with_view
0.74,0.8893766461808604,0.9242863053371949,0.8743639921722114,0.8986323411102172,0.8884466053377174,0.7785508149576424,0.9491293492197149,0.9620879770486879,1818,183,321,2234,hist_gradient_boosting_none__ergonomic_v2_with_view,hist_gradient_boosting,none,ergonomic_v2_with_view
0.75,0.8906935908691835,0.9297952361053071,0.8708414872798435,0.8993532740501212,0.8898783661316889,0.7820415137748348,0.9491293492197149,0.9620879770486879,1833,168,330,2225,hist_gradient_boosting_none__ergonomic_v2_with_view,hist_gradient_boosting,none,ergonomic_v2_with_view
0.76,0.8931079894644425,0.9348191757779647,0.8700587084148728,0.9012771133184675,0.8923710285424594,0.7874750423271265,0.9491293492197149,0.9620879770486879,1846,155,332,2223,hist_gradient_boosting_none__ergonomic_v2_with_view,hist_gradient_boosting,none,ergonomic_v2_with_view
0.77,0.8926690079016681,0.9377118644067797,0.8661448140900195,0.9005086469989827,0.8919984264301561,0.7873096503028043,0.9491293492197149,0.9620879770486879,1854,147,342,2213,hist_gradient_boosting_none__ergonomic_v2_with_view,hist_gradient_boosting,none,ergonomic_v2_with_view
0.78,0.8928884986830553,0.9381093683764307,0.8661448140900195,0.9006919006919006,0.8922230346718198,0.7877936250863956,0.9491293492197149,0.9620879770486879,1855,146,342,2213,hist_gradient_boosting_none__ergonomic_v2_with_view,hist_gradient_boosting,none,ergonomic_v2_with_view
0.79,0.8922300263388938,0.9395229982964225,0.8634050880626223,0.8998572302671833,0.8916012214533826,0.7869318399608105,0.9491293492197149,0.9620879770486879,1859,142,349,2206,hist_gradient_boosting_none__ergonomic_v2_with_view,hist_gradient_boosting,none,ergonomic_v2_with_view
0.8,0.891352063213345,0.9409246575342466,0.8602739726027397,0.8987937027192803,0.8907614569033502,0.7856912135544925,0.9491293492197149,0.9620879770486879,1863,138,357,2198,hist_gradient_boosting_none__ergonomic_v2_with_view,hist_gradient_boosting,none,ergonomic_v2_with_view
