view_angle,video_path,sample_index,frame_index,is_warmup,pose_detected,capture_resize_ms,mediapipe_ms,feature_ms,model_ms,total_ms,prob_incorrect,pred_label
front,dataset\external_videos\correct\P06_correct_front_001.mp4,0,0,1,1,49.481999998533865,136.91769999968528,4.712400001153583,1315.9384000009595,1507.2000000000116,0.1388215432775894,0
front,dataset\external_videos\correct\P06_correct_front_001.mp4,1,15,1,1,7.53179999992426,21.700900000723777,3.661999999167165,2.7384999993955716,35.68040000027395,0.11043989268478638,0
front,dataset\external_videos\correct\P06_correct_front_001.mp4,2,30,1,1,9.333099998912076,28.04190000097151,3.8847000014357036,3.090499998506857,44.40649999924062,0.15757281773381712,0
front,dataset\external_videos\correct\P06_correct_front_001.mp4,3,45,1,1,7.909500000096159,21.122799998920527,3.4797000007529277,3.337999998620944,35.90090000034252,0.00401599815944093,0
front,dataset\external_videos\correct\P06_correct_front_001.mp4,4,60,1,1,17.506399999547284,29.58070000022417,7.111000000804779,18.334000000322703,72.62590000027558,0.00321689114876376,0
front,dataset\external_videos\correct\P06_correct_front_001.mp4,5,75,0,1,8.829799999148236,20.840699999098433,4.711300000053598,2.292999999554013,36.72480000022915,0.003901656920097974,0
front,dataset\external_videos\correct\P06_correct_front_001.mp4,6,90,0,1,10.300300000380957,28.071900000213645,3.6731999989569886,3.3931000016309554,45.487299999876996,0.004567246701105081,0
front,dataset\external_videos\correct\P06_correct_front_001.mp4,7,105,0,1,9.804300001633237,22.60000000023865,3.9772000000084518,3.380599999218248,39.84140000102343,0.007850447743949489,0
front,dataset\external_videos\correct\P06_correct_front_001.mp4,8,120,0,1,7.321099999899161,20.21000000058848,3.521699998600525,2.3823999999876833,33.48339999865857,0.00798192000307689,0
front,dataset\external_videos\correct\P06_correct_front_001.mp4,9,135,0,1,8.80200000028708,22.098299999925075,4.000599999926635,2.6049000007333234,37.561000001005596,0.010206602079844413,0
front,dataset\external_videos\correct\P06_correct_front_001.mp4,10,150,0,1,8.909700000003795,22.375800001100288,3.781100000196602,2.817299999151146,37.93519999999262,0.00935587163038037,0
front,dataset\external_videos\correct\P06_correct_front_001.mp4,11,165,0,1,8.11979999889445,21.031599999332684,3.5082000013062498,3.251300000556512,35.96879999895464,0.012493624745596496,0
front,dataset\external_videos\correct\P06_correct_front_001.mp4,12,180,0,1,7.9120000009424984,20.221400000082213,3.2608000001346227,2.749999999650754,34.190700000181096,0.012709457376380727,0
front,dataset\external_videos\correct\P06_correct_front_001.mp4,13,195,0,1,10.276500001054956,23.921899999550078,3.9136999985203147,2.959299999929499,41.132100001050276,0.012709457376380727,0
front,dataset\external_videos\correct\P06_correct_front_001.mp4,14,210,0,1,11.269699998592841,23.38640000016312,4.1168000007019145,2.3908000002847984,41.215999999622,0.012709457376380727,0
front,dataset\external_videos\correct\P06_correct_front_001.mp4,15,225,0,1,8.340899999893736,23.02109999982349,4.055999999764026,2.311599999302416,37.78989999955229,0.012450467851655898,0
front,dataset\external_videos\correct\P06_correct_front_001.mp4,16,240,0,1,7.79300000067451,22.46220000051835,3.585399999792571,2.388899998550187,36.28179999941494,0.014794753034702294,0
front,dataset\external_videos\correct\P06_correct_front_001.mp4,17,255,0,1,10.96759999927599,22.083500000007916,4.384300000310759,2.5925999998435145,40.077499999824795,0.012288268976390338,0
front,dataset\external_videos\correct\P06_correct_front_001.mp4,18,270,0,1,11.314000001220847,22.853399999803514,5.759400000897585,4.876800001511583,44.87169999993057,0.012288268976390338,0
front,dataset\external_videos\correct\P06_correct_front_001.mp4,19,285,0,1,9.251299999959883,19.416999999521067,3.757200000109151,2.2189999999682186,34.68990000146732,0.00473294876241466,0
front,dataset\external_videos\correct\P06_correct_front_001.mp4,20,300,0,1,9.075100000700331,21.16569999998319,4.305200000089826,3.3154000011563767,37.90889999982028,0.004653670515439671,0
front,dataset\external_videos\correct\P06_correct_front_001.mp4,21,315,0,1,11.363699999492383,22.117200000138837,3.7491000002773944,3.296700000646524,40.58219999933499,0.005629452699935115,0
front,dataset\external_videos\correct\P06_correct_front_001.mp4,22,330,0,1,9.076599999389146,20.36750000115717,3.782399999181507,2.2903000008227536,35.56559999924502,0.006149634953909648,0
front,dataset\external_videos\correct\P06_correct_front_001.mp4,23,345,0,1,10.313099999621045,24.23799999996845,3.5041999999521067,3.216400000383146,41.32079999908456,0.005775445547992636,0
front,dataset\external_videos\correct\P06_correct_front_001.mp4,24,360,0,1,8.220400000936934,24.065199999313336,3.6201000002620276,2.711900000576861,38.66880000168749,0.006149634953909648,0
front,dataset\external_videos\correct\P06_correct_front_001.mp4,25,375,0,1,7.371699999566772,20.798900000954745,3.3273000008193776,3.1137999994825805,34.662399999433546,0.006149634953909648,0
front,dataset\external_videos\correct\P06_correct_front_001.mp4,26,390,0,1,8.12200000109442,22.332799999276176,3.7522000002354616,2.2355999990395503,36.49350000159757,0.006149634953909648,0
front,dataset\external_videos\correct\P06_correct_front_001.mp4,27,405,0,1,7.325500000661123,23.146300000007614,4.324599998653866,3.530500000124448,38.39390000030107,0.006149634953909648,0
front,dataset\external_videos\correct\P06_correct_front_001.mp4,28,420,0,1,8.172200001354213,21.501199998965603,3.3481999998912215,3.090600001087296,36.1616000009235,0.006149634953909648,0
front,dataset\external_videos\correct\P06_correct_front_001.mp4,29,435,0,1,9.130000000368454,26.881600000706385,3.927900001144735,3.57110000004468,43.56499999994412,0.005775445547992636,0
front,dataset\external_videos\correct\P06_correct_front_001.mp4,30,450,0,1,8.76570000036736,21.11940000031609,3.6876000012853183,2.204399999754969,35.824000000502565,0.0024518136859038686,0
front,dataset\external_videos\correct\P06_correct_front_001.mp4,31,465,0,1,8.258899999418645,20.61370000046736,3.5783000002993504,2.1732000004703877,34.68139999858977,0.001904442485244296,0
front,dataset\external_videos\correct\P06_correct_front_001.mp4,32,480,0,1,8.323300000483869,20.556900000883616,3.649500000392436,2.181199999540695,34.757200000967714,0.002319339752204032,0
front,dataset\external_videos\correct\P06_correct_front_001.mp4,33,495,0,1,9.09710000087216,22.41670000148588,3.2456000008096453,2.336499999728403,37.14570000011008,0.002311599838500255,0
front,dataset\external_videos\correct\P06_correct_front_001.mp4,34,510,0,1,6.864399998448789,20.581699998729164,3.512799999953131,2.8941999989910983,33.90739999849757,0.002311599838500255,0
front,dataset\external_videos\correct\P06_correct_front_001.mp4,35,525,0,1,8.022699999855831,21.843799999260227,3.486999999950058,2.194700000472949,35.61319999971602,0.003611268287250614,0
front,dataset\external_videos\correct\P06_correct_front_001.mp4,36,540,0,1,8.897499999875436,22.492500000225846,4.249199999321718,3.0254000012064353,38.732300001356634,0.022211710581578975,0
front,dataset\external_videos\correct\P06_correct_front_001.mp4,37,555,0,1,11.956099999224534,26.56589999969583,3.9847999996709405,3.4340999991400167,45.99939999934577,0.009219437621740163,0
front,dataset\external_videos\correct\P06_correct_front_001.mp4,38,570,0,1,8.945100000346429,22.21090000057302,3.7431000000651693,2.6796999991347548,37.631400000464055,0.009219437621740163,0
front,dataset\external_videos\correct\P06_correct_front_001.mp4,39,585,0,1,7.816000001184875,23.39170000050217,3.8090000016381964,3.3225000006495975,38.39660000085132,0.009219437621740163,0
front,dataset\external_videos\correct\P06_correct_front_001.mp4,40,600,0,1,11.104499999419204,19.65569999993022,3.2475999996677274,2.9489999997167615,37.00609999941662,0.009219437621740163,0
front,dataset\external_videos\correct\P06_correct_front_001.mp4,41,615,0,1,8.69559999955527,24.021900000661844,3.4137999991799006,4.252000000633416,40.45910000058939,0.009219437621740163,0
front,dataset\external_videos\correct\P06_correct_front_001.mp4,42,630,0,1,9.49149999905785,22.44790000077046,4.786200001035468,4.194299999653595,40.97120000005816,0.02394859648542016,0
front,dataset\external_videos\correct\P06_correct_front_001.mp4,43,645,0,1,8.858600000166916,23.085599999831175,3.954199999498087,2.294199999596458,38.26819999994768,0.009219437621740163,0
front,dataset\external_videos\correct\P06_correct_front_001.mp4,44,660,0,1,9.865399999398505,27.57230000133859,3.8854000013088807,2.2715999984939117,43.63999999986845,0.0033541042120195917,0
front,dataset\external_videos\correct\P06_correct_front_001.mp4,45,675,0,1,7.02840000121796,19.691499999680673,4.350900000645197,2.290599999469123,33.428800001274794,0.003611268287250614,0
front,dataset\external_videos\correct\P06_correct_front_001.mp4,46,690,0,1,8.128999999826192,23.37470000020403,3.7285999987943796,3.416999999899417,38.70690000076138,0.0033173092761493383,0
front,dataset\external_videos\correct\P06_correct_front_001.mp4,47,705,0,1,9.326500001407112,21.665300000677234,4.116400001294096,2.968400000099791,38.12939999988885,0.0036699479412483113,0
front,dataset\external_videos\correct\P06_correct_front_001.mp4,48,720,0,1,8.588400000007823,22.16700000099081,4.482399999687914,2.241999998659594,37.53150000011374,0.0034088181250071852,0
front,dataset\external_videos\correct\P06_correct_front_001.mp4,49,735,0,1,10.37729999916337,23.61419999942882,3.852900001220405,2.732599999944796,40.64719999951194,0.01122114236355499,0
front,dataset\external_videos\correct\P06_correct_front_001.mp4,50,750,0,1,11.34719999936351,23.65769999960321,4.955799999152077,3.1644999999116408,43.17360000095505,0.6749325769071094,0
front,dataset\external_videos\correct\P06_correct_front_001.mp4,51,765,0,1,16.12380000005942,32.6454999994894,3.7967999996908475,3.57110000004468,56.203500000265194,0.704018216056344,0
front,dataset\external_videos\correct\P06_correct_front_001.mp4,52,780,0,1,8.406500001001405,23.69390000058047,3.3291999989160104,3.637199999502627,39.116900001317845,0.704018216056344,0
front,dataset\external_videos\correct\P06_correct_front_001.mp4,53,795,0,1,9.975700000723009,24.348899998585694,3.330100000312086,3.397700000277837,41.108900000836,0.685961582512103,0
front,dataset\external_videos\correct\P06_correct_front_001.mp4,54,810,0,1,9.285600001021521,21.781400000691065,3.283799998825998,3.059399999983725,37.46010000031674,0.547051302766427,0
front,dataset\external_videos\correct\P06_correct_front_001.mp4,55,825,0,1,8.303800001158379,22.182499998962157,4.535499998382875,2.3140000012062956,37.38580000026559,0.4466494023603764,0
front,dataset\external_videos\correct\P06_correct_front_001.mp4,56,840,0,1,12.633700000151293,23.498800001107156,3.7479000002349494,5.60349999977916,45.538299998952425,0.4466494023603764,0
front,dataset\external_videos\correct\P06_correct_front_001.mp4,57,855,0,1,9.839399999691523,22.81820000098378,3.456200000073295,3.24449999970966,39.41070000109903,0.46541375469952945,0
front,dataset\external_videos\correct\P06_correct_front_001.mp4,58,870,0,1,11.067900000853115,24.658500000441563,4.549000001134118,5.850100000316161,46.18760000084876,0.5020523186252488,0
front,dataset\external_videos\correct\P06_correct_front_001.mp4,59,885,0,1,11.376700000255369,21.316700000170385,5.962600000202656,4.335400000854861,43.048600000474835,0.4129507603290572,0
front,dataset\external_videos\correct\P06_correct_front_001.mp4,60,900,0,1,10.109899998496985,25.94649999991816,3.4980999989784323,3.3928000011655968,43.00439999860828,0.36075490710124675,0
front,dataset\external_videos\correct\P06_correct_front_001.mp4,61,915,0,1,7.302499998331768,23.39399999982561,4.1095000015047844,2.8425000000424916,37.699299999076175,0.3328370923713867,0
front,dataset\external_videos\correct\P06_correct_front_001.mp4,62,930,0,1,8.584999999584397,21.055299999716226,3.900499999872409,2.3421000005328096,35.93180000098073,0.5686559308212512,0
front,dataset\external_videos\correct\P06_correct_front_001.mp4,63,945,0,1,14.015400000062073,40.73950000019977,5.307600000378443,3.586900000300375,63.73879999955534,0.5321382984007623,0
front,dataset\external_videos\correct\P06_correct_front_001.mp4,64,960,0,1,7.083600001351442,22.281699999439297,3.491700001177378,2.972399999634945,35.898699999961536,0.45766708420819796,0
front,dataset\external_videos\correct\P06_correct_front_001.mp4,65,975,0,1,12.797899998986395,25.483600000370643,4.276799998478964,2.5544000000081724,45.19869999967341,0.47182258849890923,0
front,dataset\external_videos\correct\P06_correct_front_001.mp4,66,990,0,1,8.018699998501688,21.362499999668216,3.488600001219311,2.1839000000909436,35.12649999902351,0.5078453610907998,0
front,dataset\external_videos\correct\P06_correct_front_001.mp4,67,1005,0,1,8.377399999517365,22.1983999999793,3.6338999998406507,2.2294999998848652,36.48539999994682,0.469929463122266,0
front,dataset\external_videos\correct\P06_correct_front_001.mp4,68,1020,0,1,7.844799998565577,19.250200000897166,3.5267000002932036,2.1824000014021294,32.84999999959837,0.0010192564546393295,0
front,dataset\external_videos\correct\P06_correct_front_001.mp4,69,1035,0,1,7.643599999937578,22.576600000320468,4.013199999462813,2.249699999083532,36.52949999923294,0.0008816277510328961,0
front,dataset\external_videos\correct\P06_correct_front_001.mp4,70,1050,0,1,8.451800000329968,24.347999999008607,3.930400000172085,3.2559999999648426,40.03519999969285,0.0009057313555723874,0
front,dataset\external_videos\correct\P06_correct_front_001.mp4,71,1065,0,1,9.95839999995951,22.44339999924705,3.3731000003172085,2.244799999971292,38.07599999890954,0.0008332369220603656,0
front,dataset\external_videos\correct\P06_correct_front_001.mp4,72,1080,0,1,9.702999999717576,24.287500000355067,3.603799999837065,3.0370999993465375,40.679899999304325,0.0008393014735604674,0
front,dataset\external_videos\correct\P06_correct_front_001.mp4,73,1095,0,1,7.564300000012736,21.22889999918698,3.2855999997991603,2.8572000010171905,34.99129999909201,0.0016981284311001251,0
front,dataset\external_videos\correct\P06_correct_front_001.mp4,74,1110,0,1,8.97129999975732,22.877600000356324,3.372999999555759,4.396399999677669,39.66789999867615,0.0012908190308938928,0
front,dataset\external_videos\correct\P06_correct_front_001.mp4,75,1125,0,1,9.039999999004067,19.852800000080606,3.56860000101733,2.7343999990989687,35.24179999840271,0.0035388331837136974,0
front,dataset\external_videos\correct\P06_correct_front_001.mp4,76,1140,0,1,8.680400000230293,21.751700000095298,3.3895000015036203,2.2654000003967667,36.14950000155659,0.00348366550918381,0
front,dataset\external_videos\correct\P06_correct_front_001.mp4,77,1155,0,1,10.063900001114234,21.669700001439196,4.654400001527392,2.316100000825827,38.75599999992119,0.003205496103813423,0
front,dataset\external_videos\correct\P06_correct_front_001.mp4,78,1170,0,1,9.504599998763297,26.300999999875785,3.3808999996836064,3.1620999998267507,42.39459999917017,0.0026496033300266904,0
front,dataset\external_videos\correct\P06_correct_front_001.mp4,79,1185,0,1,10.30719999835128,30.554799999663373,6.317899998975918,3.1579999995301478,50.440499999240274,0.0026731501931302136,0
front,dataset\external_videos\correct\P06_correct_front_001.mp4,80,1200,0,1,8.59140000102343,21.214700000200537,3.64129999979923,2.8246000001672655,36.31950000090001,0.0028374345177701243,0
front,dataset\external_videos\correct\P06_correct_front_001.mp4,81,1215,0,1,8.860800000547897,22.863199999846984,3.7121000004844973,3.20819999978994,38.69650000160618,0.0027717210822712046,0
front,dataset\external_videos\correct\P06_correct_front_001.mp4,82,1230,0,1,9.094200000618002,21.66609999949287,3.271600000516628,3.0371999982889974,37.115799999810406,0.0028374345177701243,0
front,dataset\external_videos\correct\P06_correct_front_001.mp4,83,1245,0,1,7.784099998389138,18.35919999939506,3.633699998317752,2.1985000003041932,32.023199999457574,0.0024518136859038686,0
front,dataset\external_videos\correct\P06_correct_front_001.mp4,84,1260,0,1,8.000400001037633,19.56609999979264,3.8545000006706687,2.250399998956709,33.721600000717444,0.0024518136859038686,0
front,dataset\external_videos\correct\P06_correct_front_001.mp4,85,1275,0,1,12.05879999906756,40.34279999905266,3.986899999290472,3.1600000002072193,59.60229999982403,0.0024518136859038686,0
front,dataset\external_videos\correct\P06_correct_front_001.mp4,86,1290,0,1,10.711299999456969,26.402000001326087,4.2204999990644865,3.2552000011492055,44.6737000002031,0.002662582341725771,0
front,dataset\external_videos\correct\P06_correct_front_001.mp4,87,1305,0,1,9.071099999346188,21.019099998738966,3.708599999299622,2.4761999993643258,36.34739999870362,0.0024518136859038686,0
front,dataset\external_videos\correct\P06_correct_front_001.mp4,88,1320,0,1,8.539899999959744,22.18160000120406,3.791600000113249,2.2379000001819804,36.80189999977301,0.0024518136859038686,0
front,dataset\external_videos\correct\P06_correct_front_001.mp4,89,1335,0,1,7.639299999937066,21.42679999997199,3.7889000013819896,2.3355999983323272,35.25690000060422,0.0024518136859038686,0
front,dataset\external_videos\correct\P06_correct_front_001.mp4,90,1350,0,1,10.328499998649932,23.765600000842824,4.433499998413026,3.0690000003232853,41.64940000009665,0.005775445547992636,0
front,dataset\external_videos\correct\P06_correct_front_001.mp4,91,1365,0,1,9.994000000006054,21.471399999427376,3.5545000009733485,2.3017999992589466,37.37099999852944,0.005775445547992636,0
front,dataset\external_videos\correct\P06_correct_front_001.mp4,92,1380,0,1,9.066300000995398,21.311600001354236,3.296899998531444,2.9722999988734955,36.69630000149482,0.006526176208367357,0
front,dataset\external_videos\correct\P06_correct_front_001.mp4,93,1395,0,1,11.359099999026512,23.706500000116648,3.776100000322913,2.969699999084696,41.86599999957252,0.0027717210822712046,0
front,dataset\external_videos\correct\P06_correct_front_001.mp4,94,1410,0,1,12.225300000864081,25.957200001357705,3.405600000405684,2.7943000004597707,44.454400000176975,0.0027717210822712046,0
front,dataset\external_videos\correct\P06_correct_front_001.mp4,95,1425,0,1,8.444600000075297,22.889500000019325,3.9741000000503846,3.827399999863701,39.191600000776816,0.003009907402868117,0
front,dataset\external_videos\correct\P06_correct_front_001.mp4,96,1440,0,1,9.64889999886509,23.020700000415673,5.909999999857973,3.1541000007564435,41.80660000019998,0.0034606440811480346,0
front,dataset\external_videos\correct\P06_correct_front_001.mp4,97,1455,0,1,9.202000001096167,24.268500001198845,4.117499998756102,2.6039000003947876,40.2449000011984,0.007949002880122343,0
front,dataset\external_videos\correct\P06_correct_front_001.mp4,98,1470,0,1,9.001700000226265,19.245600000431295,3.7651999991794582,3.158100000291597,35.216899999795714,0.006667568774295829,0
front,dataset\external_videos\correct\P06_correct_front_001.mp4,99,1485,0,1,7.973300000230665,21.203400001468253,3.570499999113963,2.5819000002229586,35.396100000070874,0.002841142942965852,0
front,dataset\external_videos\correct\P06_correct_front_001.mp4,100,1500,0,1,8.996399999887217,21.44589999988966,3.308400000605616,2.3741999993944773,36.17300000041723,0.0019859581690737436,0
front,dataset\external_videos\correct\P06_correct_front_001.mp4,101,1515,0,1,12.147399998866604,24.432499998511048,3.746500000488595,3.253299999414594,43.63050000029034,0.001574235255916594,0
front,dataset\external_videos\correct\P06_correct_front_001.mp4,102,1530,0,1,8.545099999537342,20.506700000623823,4.760899999382673,2.514899999368936,36.40759999871079,0.0009583283124281886,0
front,dataset\external_videos\correct\P06_correct_front_001.mp4,103,1545,0,1,9.28840000051423,22.291100000074948,3.397899999981746,3.131899999061716,38.16310000001977,0.0034965947400603732,0
front,dataset\external_videos\correct\P06_correct_front_001.mp4,104,1560,0,1,8.319800001117983,20.20740000079968,3.4967000010510674,2.4723999995330814,34.543700001449906,0.002209700115387667,0
front,dataset\external_videos\correct\P06_correct_front_001.mp4,105,1575,0,1,8.922299999539973,24.408400000538677,4.031599999507307,3.230700000131037,40.67629999917699,0.9067334001404288,1
front,dataset\external_videos\correct\P06_correct_front_001.mp4,106,1590,0,1,8.586500000092201,21.518300000025192,3.3423000004404457,2.7036000010411954,36.20330000012473,0.9701240842310946,1
front,dataset\external_videos\correct\P06_correct_front_001.mp4,107,1605,0,1,8.353200000783545,21.09589999963646,3.4923999992315657,2.209999998740386,35.2017999994132,0.9854323254507699,1
front,dataset\external_videos\correct\P06_correct_front_001.mp4,108,1620,0,1,9.31499999933294,21.621500000037486,3.8112999991426477,2.2392999999283347,37.03719999975874,0.9817336666157204,1
front,dataset\external_videos\correct\P06_correct_front_001.mp4,109,1635,0,1,12.059799999406096,25.00510000027134,3.3982000004471047,2.9180999990785494,43.43410000001313,0.978082147836318,1
front,dataset\external_videos\correct\P06_correct_front_001.mp4,110,1650,0,1,9.279399999286397,20.6185999995796,3.8091999995231163,2.319899998838082,36.07840000040596,0.8423090098936288,1
front,dataset\external_videos\correct\P06_correct_front_001.mp4,111,1665,0,1,9.253500000340864,22.397900000214577,3.5891999996238155,2.36380000023928,37.6525000010588,0.9872787371226383,1
front,dataset\external_videos\correct\P06_correct_front_001.mp4,112,1680,0,1,8.564300000216463,20.153600000412553,3.805300000749412,2.324600000065402,34.894899999926565,0.980471954759967,1
front,dataset\external_videos\correct\P06_correct_front_001.mp4,113,1695,0,1,9.11400000040885,24.586100000306033,4.153500000029453,2.3298999985854607,40.241900000182795,0.9726963541005955,1
front,dataset\external_videos\correct\P06_correct_front_001.mp4,114,1710,0,1,8.23349999882339,20.643799998651957,3.905599998688558,2.5015999999595806,35.33359999892127,0.9647671967134852,1
front,dataset\external_videos\correct\P06_correct_front_001.mp4,115,1725,0,1,9.127500001341105,20.997300000090036,3.473999999187072,2.462799999193521,36.1112000009598,0.6396906025223544,0
front,dataset\external_videos\correct\P06_correct_front_001.mp4,116,1740,0,1,9.746900001118775,22.614100000282633,3.3167000001412816,3.365799999301089,39.09200000089186,0.7818847252823355,1
front,dataset\external_videos\correct\P06_correct_front_001.mp4,117,1755,0,1,8.5094999994908,21.12680000027467,4.033899998830748,2.882099999624188,36.60859999945387,0.955053004030078,1
front,dataset\external_videos\correct\P06_correct_front_001.mp4,118,1770,0,1,7.623999999850639,22.618000000875327,3.5119000003760448,2.4985000000015134,36.30139999950188,0.8465332562403048,1
front,dataset\external_videos\correct\P06_correct_front_001.mp4,119,1785,0,1,7.594500000777771,23.8800999995874,3.7521999984164722,3.018700001121033,38.30600000037521,0.7734080646890589,1
side_30,dataset\external_videos\correct\P06_correct_side_30_001.mp4,0,0,1,1,50.447199999325676,147.5534000001062,4.946499999277876,3.7224999996396946,206.74660000076983,0.4874162340001012,0
side_30,dataset\external_videos\correct\P06_correct_side_30_001.mp4,1,15,1,1,11.953900000662543,31.906399999570567,5.582499999945867,5.084700000224984,54.59950000113167,0.734940736325511,0
side_30,dataset\external_videos\correct\P06_correct_side_30_001.mp4,2,30,1,1,15.314300000682124,34.434999999575666,6.739700000252924,9.480900000198744,66.06160000046657,0.3332668023832952,0
side_30,dataset\external_videos\correct\P06_correct_side_30_001.mp4,3,45,1,1,10.351999999329564,25.509799999781535,5.009599999539205,3.2398000003013294,44.16689999925438,0.6378468266873983,0
side_30,dataset\external_videos\correct\P06_correct_side_30_001.mp4,4,60,1,1,9.856299999228213,20.592799999576528,3.9569000000483356,2.844599999662023,37.307200000213925,0.6378468266873983,0
side_30,dataset\external_videos\correct\P06_correct_side_30_001.mp4,5,75,0,1,10.109599999850616,24.302499999976135,4.188400000202819,3.281399998741108,41.94430000097782,0.7147575208729078,0
side_30,dataset\external_videos\correct\P06_correct_side_30_001.mp4,6,90,0,1,16.122700000778423,21.70300000034331,3.8295999984256923,3.1918999993649777,44.9203000007401,0.8116474192328685,1
side_30,dataset\external_videos\correct\P06_correct_side_30_001.mp4,7,105,0,1,10.821099998793215,25.089099999604514,3.6154999997961568,4.431299999851035,44.018599999617436,0.5066880814314998,0
side_30,dataset\external_videos\correct\P06_correct_side_30_001.mp4,8,120,0,1,11.461800000688527,24.77039999939734,3.9983999995456543,3.795999999056221,44.14030000043567,0.07736524627359762,0
side_30,dataset\external_videos\correct\P06_correct_side_30_001.mp4,9,135,0,1,9.511899999779416,23.35490000041318,4.298400001061964,2.9772000016237143,40.22590000022319,0.07355593244905301,0
side_30,dataset\external_videos\correct\P06_correct_side_30_001.mp4,10,150,0,1,9.732599999551894,23.225800001455355,3.981799998655333,2.9598000000987668,39.965800000572926,0.8229398912678518,1
side_30,dataset\external_videos\correct\P06_correct_side_30_001.mp4,11,165,0,1,9.58580000042275,20.26769999974931,3.9211999992403435,2.230599999165861,36.05790000074194,0.8991865734669459,1
side_30,dataset\external_videos\correct\P06_correct_side_30_001.mp4,12,180,0,1,12.761899999532034,22.9271999996854,4.012299999885727,2.7176000003237277,42.4791000004916,0.8873589661145208,1
side_30,dataset\external_videos\correct\P06_correct_side_30_001.mp4,13,195,0,1,10.613999998895451,22.14760000060778,4.274799999620882,2.796200000375393,39.89050000018324,0.8223700571114992,1
side_30,dataset\external_videos\correct\P06_correct_side_30_001.mp4,14,210,0,1,12.262399999599438,23.26820000052976,4.080100001374376,2.7864999992743833,42.44909999943047,0.8010350478615321,1
side_30,dataset\external_videos\correct\P06_correct_side_30_001.mp4,15,225,0,1,14.460299998972914,24.538800000300398,4.595599999447586,2.603099999760161,46.2532999990799,0.8010350478615321,1
side_30,dataset\external_videos\correct\P06_correct_side_30_001.mp4,16,240,0,1,11.323900000206777,21.4272000011988,4.330199999458273,3.4434000008332077,40.59589999997115,0.7886655887112429,1
side_30,dataset\external_videos\correct\P06_correct_side_30_001.mp4,17,255,0,1,8.152899999913643,22.68050000020594,4.052999998748419,3.2852000003913417,38.26330000083544,0.7258964816636303,0
side_30,dataset\external_videos\correct\P06_correct_side_30_001.mp4,18,270,0,1,9.147199998551514,20.927800000208663,4.079099999216851,2.395800000158488,36.61109999848122,0.6140834467283983,0
side_30,dataset\external_videos\correct\P06_correct_side_30_001.mp4,19,285,0,1,7.589700000607991,19.963700000516837,3.275700000813231,2.736700000241399,33.61579999909736,0.6106506828965904,0
side_30,dataset\external_videos\correct\P06_correct_side_30_001.mp4,20,300,0,1,7.605999999213964,21.783599999253056,4.053599999679136,2.7387000009184703,36.22980000000098,0.7644715188601934,1
side_30,dataset\external_videos\correct\P06_correct_side_30_001.mp4,21,315,0,1,9.29089999954158,21.275399998557987,5.478600000060396,2.740300000368734,38.88109999934386,0.831579794438714,1
side_30,dataset\external_videos\correct\P06_correct_side_30_001.mp4,22,330,0,1,8.721000000150525,21.959600000627688,4.292899999200017,2.1885000005568145,37.21360000054119,0.885921687640531,1
side_30,dataset\external_videos\correct\P06_correct_side_30_001.mp4,23,345,0,1,10.4644000002736,19.500500000503962,3.7319000002753455,2.2843000006105285,36.03060000023106,0.7031533368804123,0
side_30,dataset\external_videos\correct\P06_correct_side_30_001.mp4,24,360,0,1,9.902399999191402,21.759799999927054,3.6736000001837965,2.5800999992497964,37.969700000758166,0.7920494441830025,1
side_30,dataset\external_videos\correct\P06_correct_side_30_001.mp4,25,375,0,1,8.19009999941045,21.74869999907969,4.150999999183114,3.2840000003488967,37.467199999809964,0.7141810120479662,0
side_30,dataset\external_videos\correct\P06_correct_side_30_001.mp4,26,390,0,1,11.205899998458335,26.840099999390077,3.9954000003490364,3.250200001275516,45.34509999939473,0.44479445702643394,0
side_30,dataset\external_videos\correct\P06_correct_side_30_001.mp4,27,405,0,1,8.680299999468843,22.26920000066457,3.3684000009088777,3.0090000000200234,37.379499999588006,0.7716553603608539,1
side_30,dataset\external_videos\correct\P06_correct_side_30_001.mp4,28,420,0,1,8.45590000062657,22.97049999833689,3.880300000673742,3.151099999740836,38.52259999985108,0.7640577043804658,1
side_30,dataset\external_videos\correct\P06_correct_side_30_001.mp4,29,435,0,1,7.993699999133241,21.95679999931599,3.329400000438909,2.5509000006422866,35.886799998479546,0.7879298143019793,1
side_30,dataset\external_videos\correct\P06_correct_side_30_001.mp4,30,450,0,1,10.14490000125079,23.64080000006652,4.278200000044308,2.6180000004387693,40.737799999988056,0.8784852051710335,1
side_30,dataset\external_videos\correct\P06_correct_side_30_001.mp4,31,465,0,1,8.374400000320747,22.76739999979327,3.7050999999337364,2.801000000545173,37.71060000144644,0.8563816713196729,1
side_30,dataset\external_videos\correct\P06_correct_side_30_001.mp4,32,480,0,1,10.32630000008794,22.107499999037827,3.3535000002302695,2.727299999605748,38.56830000040645,0.769926763372151,1
side_30,dataset\external_videos\correct\P06_correct_side_30_001.mp4,33,495,0,1,7.625900001585251,19.76719999947818,3.4914000007120194,2.2386000000551576,33.182100001795334,0.8180903047773103,1
side_30,dataset\external_videos\correct\P06_correct_side_30_001.mp4,34,510,0,1,8.818600001177401,22.667100000035134,3.605500000048778,2.2778999991714954,37.43360000044049,0.8180903047773103,1
side_30,dataset\external_videos\correct\P06_correct_side_30_001.mp4,35,525,0,1,7.681099999899743,20.53189999969618,3.633399999671383,2.3000999990472337,34.19939999912458,0.8180903047773103,1
side_30,dataset\external_videos\correct\P06_correct_side_30_001.mp4,36,540,0,1,10.145899999770336,22.17709999968065,3.6138000014034333,2.3796000004949747,38.37469999962195,0.8180903047773103,1
side_30,dataset\external_videos\correct\P06_correct_side_30_001.mp4,37,555,0,1,9.062900000571972,23.948500000187778,4.275400000551599,3.4350999994785525,40.78010000012,0.8180903047773103,1
side_30,dataset\external_videos\correct\P06_correct_side_30_001.mp4,38,570,0,1,8.979899999758345,21.15859999867098,3.281799999967916,2.960699999675853,36.43759999977192,0.7369961988279747,0
side_30,dataset\external_videos\correct\P06_correct_side_30_001.mp4,39,585,0,1,7.874299999457435,21.52099999875645,3.2738000008976087,2.6658000006136717,35.38409999964642,0.72374747156128,0
side_30,dataset\external_videos\correct\P06_correct_side_30_001.mp4,40,600,0,1,7.472699999198085,20.366299999295734,4.762000000482658,2.2379999991244404,34.89129999979923,0.7284148985275722,0
side_30,dataset\external_videos\correct\P06_correct_side_30_001.mp4,41,615,0,1,8.914599999116035,20.630400000300142,3.9225999989866978,2.7943999994022306,36.31700000005367,0.7409030200154322,0
side_30,dataset\external_videos\correct\P06_correct_side_30_001.mp4,42,630,0,1,10.434400001031463,23.392799999783165,3.7004000005254056,4.632599999240483,42.22560000016529,0.8118517822013149,1
side_30,dataset\external_videos\correct\P06_correct_side_30_001.mp4,43,645,0,1,9.705000000394648,21.35199999975157,4.450899999937974,2.713199999561766,38.27310000087891,0.769926763372151,1
side_30,dataset\external_videos\correct\P06_correct_side_30_001.mp4,44,660,0,1,10.472399999343907,20.532400001684437,3.3956000006583054,3.6517999997158768,38.10720000001311,0.7255445956610656,0
side_30,dataset\external_videos\correct\P06_correct_side_30_001.mp4,45,675,0,1,11.48510000166425,27.680399998644134,3.770999999687774,4.390299998703995,47.3971999999776,0.7700900480494285,1
side_30,dataset\external_videos\correct\P06_correct_side_30_001.mp4,46,690,0,1,9.131400000114809,20.721799999591894,3.8633999993180623,3.145699998640339,36.91400000025169,0.7700900480494285,1
side_30,dataset\external_videos\correct\P06_correct_side_30_001.mp4,47,705,0,1,8.733999999094522,21.858699999938835,4.163200001130463,2.7389999995648395,37.54799999842362,0.7700900480494285,1
side_30,dataset\external_videos\correct\P06_correct_side_30_001.mp4,48,720,0,1,8.482900000672089,20.41319999989355,3.309600000648061,2.6985000004060566,34.95680000014545,0.767317355701795,1
side_30,dataset\external_videos\correct\P06_correct_side_30_001.mp4,49,735,0,1,8.586199999626842,21.871200000532554,4.459699999642908,2.8566999990289332,37.82819999833009,0.7735592316508204,1
side_30,dataset\external_videos\correct\P06_correct_side_30_001.mp4,50,750,0,1,7.442899999659858,22.110400001110975,4.340800000136369,2.9312999995454447,36.90020000067307,0.7191364155826528,0
side_30,dataset\external_videos\correct\P06_correct_side_30_001.mp4,51,765,0,1,9.404999998878338,23.128799999540206,4.313499999625492,3.0633999995188788,39.973599999939324,0.8133213243667592,1
side_30,dataset\external_videos\correct\P06_correct_side_30_001.mp4,52,780,0,1,8.105599999908009,25.96570000059728,4.728300000351737,2.9690999999729684,41.82240000045567,0.8133213243667592,1
side_30,dataset\external_videos\correct\P06_correct_side_30_001.mp4,53,795,0,1,9.758399999554968,21.21449999867764,4.100199999811593,2.3896999991848134,37.52059999897028,0.789906528285485,1
side_30,dataset\external_videos\correct\P06_correct_side_30_001.mp4,54,810,0,1,7.777999999234453,19.361699998626136,3.550199999153847,2.188300000852905,32.930100000157836,0.789906528285485,1
side_30,dataset\external_videos\correct\P06_correct_side_30_001.mp4,55,825,0,1,8.46550000096613,22.15260000048147,3.3375999992131256,2.7037999989261152,36.72560000086378,0.789906528285485,1
side_30,dataset\external_videos\correct\P06_correct_side_30_001.mp4,56,840,0,1,8.084700000836165,20.64069999869389,3.2974000005197013,2.7453000002424233,34.82110000004468,0.8341278138099761,1
side_30,dataset\external_videos\correct\P06_correct_side_30_001.mp4,57,855,0,1,8.060000000114087,19.96300000064366,3.2784000013634795,2.6942999993480043,34.050700000079814,0.8447444793323954,1
side_30,dataset\external_videos\correct\P06_correct_side_30_001.mp4,58,870,0,1,7.942500000353903,20.639399999708985,3.427199999350705,2.2344000008160947,34.29689999939001,0.8244201777657084,1
side_30,dataset\external_videos\correct\P06_correct_side_30_001.mp4,59,885,0,1,9.472099998674821,22.986800000580843,3.8381999984267168,2.997200001118472,39.35049999927287,0.8375836937660122,1
side_30,dataset\external_videos\correct\P06_correct_side_30_001.mp4,60,900,0,1,12.748700000884128,24.999799999932293,3.983399999924586,4.402900000059162,46.24859999967157,0.8576566636263572,1
side_30,dataset\external_videos\correct\P06_correct_side_30_001.mp4,61,915,0,1,9.108000000196625,21.7677000000549,4.028500001368229,2.50899999991816,37.474400000064634,0.8576566636263572,1
side_30,dataset\external_videos\correct\P06_correct_side_30_001.mp4,62,930,0,1,9.1578000010486,23.085400000127265,4.259699999238364,3.896300000633346,40.491499999916414,0.842700839577019,1
side_30,dataset\external_videos\correct\P06_correct_side_30_001.mp4,63,945,0,1,10.203199999523349,20.138699999733944,3.9293999998335494,2.7442999999038875,37.06729999976233,0.842700839577019,1
side_30,dataset\external_videos\correct\P06_correct_side_30_001.mp4,64,960,0,1,7.716300000538467,23.355899998932728,5.490100000315579,5.720799999835435,42.34170000017912,0.842700839577019,1
side_30,dataset\external_videos\correct\P06_correct_side_30_001.mp4,65,975,0,1,9.811699999772827,22.462800001449068,4.4891000015923055,8.03979999909643,44.875099998535006,0.842700839577019,1
side_30,dataset\external_videos\correct\P06_correct_side_30_001.mp4,66,990,0,1,9.155500001725159,21.138000000064494,3.56869999995979,2.8679999995802063,36.78530000070168,0.842700839577019,1
side_30,dataset\external_videos\correct\P06_correct_side_30_001.mp4,67,1005,0,1,10.658499999408377,23.803999998563086,4.317400000218186,2.999899999849731,41.846399999485584,0.8223165966520911,1
side_30,dataset\external_videos\correct\P06_correct_side_30_001.mp4,68,1020,0,1,10.024999999586726,21.972399999867775,4.074800001035328,2.2279999993770616,38.35629999957746,0.8223165966520911,1
side_30,dataset\external_videos\correct\P06_correct_side_30_001.mp4,69,1035,0,1,8.568700000978424,22.05610000055458,3.546699999787961,2.607999998872401,36.84849999990547,0.8223165966520911,1
side_30,dataset\external_videos\correct\P06_correct_side_30_001.mp4,70,1050,0,1,8.58420000076876,24.005400000532973,4.108899998755078,2.4244999985967297,39.218800000526244,0.8223165966520911,1
side_30,dataset\external_videos\correct\P06_correct_side_30_001.mp4,71,1065,0,1,9.203200001138612,20.213400001011905,3.475899999102694,2.2451000004366506,35.19070000038482,0.758773529606549,0
side_30,dataset\external_videos\correct\P06_correct_side_30_001.mp4,72,1080,0,1,11.092700000517652,26.791899999807356,4.32849999924656,3.1870000002527377,45.45719999987341,0.7688978106579899,1
side_30,dataset\external_videos\correct\P06_correct_side_30_001.mp4,73,1095,0,1,10.760499999378226,23.14920000026177,3.296099999715807,2.9634999991685618,40.22439999971539,0.802227039314208,1
side_30,dataset\external_videos\correct\P06_correct_side_30_001.mp4,74,1110,0,1,12.36859999880835,23.40840000033495,3.3827000006567687,2.782500001558219,41.99989999870013,0.9164248028214976,1
side_30,dataset\external_videos\correct\P06_correct_side_30_001.mp4,75,1125,0,1,8.792700000412879,20.862400000623893,3.8795999989815755,3.162900000461377,36.77699999934703,0.9164248028214976,1
side_30,dataset\external_videos\correct\P06_correct_side_30_001.mp4,76,1140,0,1,8.477500001390581,21.36869999958435,3.445599999395199,3.3386000013706507,36.68470000047819,0.9399592531505503,1
side_30,dataset\external_videos\correct\P06_correct_side_30_001.mp4,77,1155,0,1,10.907400001087808,19.620099999883678,3.5886999994545477,2.720000000408618,36.890900000798865,0.9399592531505503,1
side_30,dataset\external_videos\correct\P06_correct_side_30_001.mp4,78,1170,0,1,8.772499999395222,23.303800000576302,3.443699999479577,3.0029999998077983,38.582099999985076,0.9209465378310745,1
side_30,dataset\external_videos\correct\P06_correct_side_30_001.mp4,79,1185,0,1,9.303500000896747,23.72060000016063,3.5158999999111984,3.5467000016069505,40.16749999937019,0.9209465378310745,1
side_30,dataset\external_videos\correct\P06_correct_side_30_001.mp4,80,1200,0,1,7.81480000114243,22.671899998385925,4.256899999745656,2.2625000001426088,37.065399999846704,0.9209465378310745,1
side_30,dataset\external_videos\correct\P06_correct_side_30_001.mp4,81,1215,0,1,8.441299998594332,23.49560000038764,4.472500000701984,3.898200000548968,40.40119999990566,0.9209465378310745,1
side_30,dataset\external_videos\correct\P06_correct_side_30_001.mp4,82,1230,0,1,12.022000000797561,29.3480999989697,4.945900000166148,4.871700000876444,51.24910000085947,0.9209465378310745,1
side_30,dataset\external_videos\correct\P06_correct_side_30_001.mp4,83,1245,0,1,9.308199998486089,22.069700000429293,4.23429999864311,2.5604000002203975,38.23279999960505,0.9209465378310745,1
side_30,dataset\external_videos\correct\P06_correct_side_30_001.mp4,84,1260,0,1,9.20380000025034,21.99769999970158,4.088400000910042,2.825499999744352,38.17469999921741,0.9209465378310745,1
side_30,dataset\external_videos\correct\P06_correct_side_30_001.mp4,85,1275,0,1,8.977100000265636,20.308099999965634,3.502699999444303,2.3326000009546988,35.17420000025595,0.9209465378310745,1
side_30,dataset\external_videos\correct\P06_correct_side_30_001.mp4,86,1290,0,1,8.525400000507943,22.348000000420143,4.036800000903895,2.599400000690366,37.563300000329036,0.9209465378310745,1
side_30,dataset\external_videos\correct\P06_correct_side_30_001.mp4,87,1305,0,1,7.833200001186924,22.351699999489938,4.733199999463977,3.0167999993864214,37.991900000633905,0.9209465378310745,1
side_30,dataset\external_videos\correct\P06_correct_side_30_001.mp4,88,1320,0,1,9.000899999591638,21.38539999941713,3.8015999998606276,2.3220999992190627,36.567099999956554,0.7867109905665881,1
side_30,dataset\external_videos\correct\P06_correct_side_30_001.mp4,89,1335,0,1,10.568600000624429,24.367399999391637,4.105399999389192,3.167599999869708,42.28970000076515,0.7867109905665881,1
side_30,dataset\external_videos\correct\P06_correct_side_30_001.mp4,90,1350,0,1,9.013099999719998,23.065700001097866,4.1841000002023065,2.347100000406499,38.66849999940314,0.7867109905665881,1
side_30,dataset\external_videos\correct\P06_correct_side_30_001.mp4,91,1365,0,1,8.075100000496604,21.159500000067055,3.490000000965665,3.1040000012581004,35.88309999940975,0.7867109905665881,1
side_30,dataset\external_videos\correct\P06_correct_side_30_001.mp4,92,1380,0,1,8.097699999780161,22.732600000381353,4.218899999614223,2.4640999999974156,37.58249999918917,0.04587075616252167,0
side_30,dataset\external_videos\correct\P06_correct_side_30_001.mp4,93,1395,0,1,8.356299998922623,22.882799999933923,4.527899998720386,2.692600000955281,38.57559999960358,0.023785404891772777,0
side_30,dataset\external_videos\correct\P06_correct_side_30_001.mp4,94,1410,0,1,10.816799998792703,21.60379999986617,4.777599999215454,2.4790999996184837,39.73690000020724,0.024995417199281517,0
side_30,dataset\external_videos\correct\P06_correct_side_30_001.mp4,95,1425,0,1,9.279199999582488,20.782400000825874,3.2611000005999813,2.652400000442867,36.025100000188104,0.003278687230035206,0
side_30,dataset\external_videos\correct\P06_correct_side_30_001.mp4,96,1440,0,1,8.027100000617793,19.823500000711647,3.8088999990577577,2.427999999781605,34.167100000559,0.8462255710389434,1
side_30,dataset\external_videos\correct\P06_correct_side_30_001.mp4,97,1455,0,1,14.060400000744266,27.96169999965059,4.093599998668651,2.40480000138632,48.58349999994971,0.4736270652489074,0
side_30,dataset\external_videos\correct\P06_correct_side_30_001.mp4,98,1470,0,1,8.168899999873247,21.53329999964626,3.3283000011579134,2.729600000748178,35.81309999935911,0.7959493090729175,1
side_30,dataset\external_videos\correct\P06_correct_side_30_001.mp4,99,1485,0,1,8.624300000519725,23.71549999952549,3.5702999994100537,2.1999000000505475,38.16320000078122,0.9392407771331835,1
side_30,dataset\external_videos\correct\P06_correct_side_30_001.mp4,100,1500,0,1,8.462599998892983,22.30510000117647,3.971599999204045,2.6376999994681682,37.50249999939115,0.9539639001489628,1
side_30,dataset\external_videos\correct\P06_correct_side_30_001.mp4,101,1515,0,1,10.734400000728783,22.6438000008784,4.07439999980852,3.0980000010458753,40.6079000003956,0.9294031886144997,1
side_30,dataset\external_videos\correct\P06_correct_side_30_001.mp4,102,1530,0,1,9.143900000708527,23.724399999991874,3.3607999994273996,2.3818999998184154,38.66560000096797,0.8223165966520911,1
side_30,dataset\external_videos\correct\P06_correct_side_30_001.mp4,103,1545,0,1,8.495300000504358,20.008699999380042,4.383800000141491,2.43889999910607,35.37739999956102,0.8273377622413931,1
side_30,dataset\external_videos\correct\P06_correct_side_30_001.mp4,104,1560,0,1,9.444799999982934,24.069999999483116,4.097000000911066,4.5923999987280695,42.29440000017348,0.8375836937660122,1
side_30,dataset\external_videos\correct\P06_correct_side_30_001.mp4,105,1575,0,1,7.859000001189997,21.451700000397977,3.9953000014065765,2.3898999988887226,35.766000000876375,0.9143831427482189,1
side_30,dataset\external_videos\correct\P06_correct_side_30_001.mp4,106,1590,0,1,7.450799999787705,23.85649999996531,3.9281000008486444,2.3307999999815365,37.6349999987724,0.9138174558463075,1
side_30,dataset\external_videos\correct\P06_correct_side_30_001.mp4,107,1605,0,1,7.7847000011388445,22.477799999251147,3.5955000003013993,2.623700000185636,36.540200000672485,0.7789457684900548,1
side_30,dataset\external_videos\correct\P06_correct_side_30_001.mp4,108,1620,0,1,8.781699998507975,21.104299999933573,3.497800000332063,2.7384999993955716,36.17659999872558,0.7966671608689335,1
side_30,dataset\external_videos\correct\P06_correct_side_30_001.mp4,109,1635,0,1,9.02470000073663,20.570999999108608,3.6534999999275897,2.2497000009025214,35.552900000766385,0.6972079148418905,0
side_30,dataset\external_videos\correct\P06_correct_side_30_001.mp4,110,1650,0,1,8.359900000868947,22.625499999776366,3.305700000055367,3.3339999990857905,37.6778000008926,0.6972079148418905,0
side_30,dataset\external_videos\correct\P06_correct_side_30_001.mp4,111,1665,0,1,8.302700000058394,22.647600000709645,3.3426999998482643,2.996000001076027,37.34260000055656,0.713101083042712,0
side_30,dataset\external_videos\correct\P06_correct_side_30_001.mp4,112,1680,0,1,9.301799998866045,22.257399999944028,3.913700000339304,2.6264999996783445,38.185399998837966,0.7289468765602506,0
side_30,dataset\external_videos\correct\P06_correct_side_30_001.mp4,113,1695,0,1,9.63929999852553,24.5669000014459,3.9445999991585268,3.6600999992515426,41.877699999531615,0.769926763372151,1
side_30,dataset\external_videos\correct\P06_correct_side_30_001.mp4,114,1710,0,1,13.516099999833386,19.06589999998687,3.7979999997332925,2.3677999997744337,38.80159999971511,0.7570533639596886,0
side_30,dataset\external_videos\correct\P06_correct_side_30_001.mp4,115,1725,0,1,7.828699999663513,23.165699998571654,3.975599998739199,3.416999999899417,38.46469999916735,0.7570533639596886,0
side_30,dataset\external_videos\correct\P06_correct_side_30_001.mp4,116,1740,0,1,8.982600000308594,21.493500000360655,3.4832999990612734,2.9554000011557946,36.96999999920081,0.8438198953035231,1
side_30,dataset\external_videos\correct\P06_correct_side_30_001.mp4,117,1755,0,1,8.993700001155958,21.80169999883219,4.492600000958191,2.749499999481486,38.09710000132327,0.8447998091123623,1
side_30,dataset\external_videos\correct\P06_correct_side_30_001.mp4,118,1770,0,1,10.229399998934241,20.844500000748667,3.7597000009554904,2.7329999993526144,37.621999999828404,0.7644601713013548,1
side_30,dataset\external_videos\correct\P06_correct_side_30_001.mp4,119,1785,0,1,11.849500000607804,26.809299999513314,4.887799999778508,3.6612000003515277,47.26879999907396,0.7581521599118495,0
side_90,dataset\external_videos\correct\P06_correct_side_90_001.mp4,0,0,1,1,47.186100000544684,144.54809999915597,5.558599999858416,5.149099999471218,202.5102000006882,0.006915022851506329,0
side_90,dataset\external_videos\correct\P06_correct_side_90_001.mp4,1,15,1,1,9.278100000301492,21.94930000041495,3.588300000046729,3.378000001248438,38.24870000062219,0.001774796790651322,0
side_90,dataset\external_videos\correct\P06_correct_side_90_001.mp4,2,30,1,1,13.496999999915715,26.79100000023027,6.2201999990065815,5.821099999593571,52.40779999985534,0.006967013968526152,0
side_90,dataset\external_videos\correct\P06_correct_side_90_001.mp4,3,45,1,1,11.058999998567742,22.772700000132318,3.678699998999946,3.1203999988065334,40.71469999871624,0.005611156090587769,0
side_90,dataset\external_videos\correct\P06_correct_side_90_001.mp4,4,60,1,1,14.951499999369844,41.85180000058608,8.117100000163191,6.47219999882509,71.50679999904241,0.009771726487613791,0
side_90,dataset\external_videos\correct\P06_correct_side_90_001.mp4,5,75,0,1,10.452700000314508,25.178100000630366,5.459300000438816,4.279200000382843,45.443700000760145,0.008528516523273588,0
side_90,dataset\external_videos\correct\P06_correct_side_90_001.mp4,6,90,0,1,10.178200000154902,21.770900000774418,3.773200000068755,2.767199999652803,38.543499998922925,0.008528516523273588,0
side_90,dataset\external_videos\correct\P06_correct_side_90_001.mp4,7,105,0,1,10.097400001541246,22.79169999928854,4.248700000971439,2.888199998778873,40.09020000012242,0.008528516523273588,0
side_90,dataset\external_videos\correct\P06_correct_side_90_001.mp4,8,120,0,1,8.401300001423806,23.91630000056466,4.023299999971641,3.622700000050827,40.060200000880286,0.008528516523273588,0
side_90,dataset\external_videos\correct\P06_correct_side_90_001.mp4,9,135,0,1,13.47870000063267,32.94339999956719,5.815499998789164,4.160399999818765,56.466900001396425,0.008528516523273588,0
side_90,dataset\external_videos\correct\P06_correct_side_90_001.mp4,10,150,0,1,8.8408999999956,22.903999999471125,3.7486999990505865,3.114500001174747,38.68270000020857,0.008528516523273588,0
side_90,dataset\external_videos\correct\P06_correct_side_90_001.mp4,11,165,0,1,9.783399998923414,21.869299998797942,3.89530000029481,3.8805000003776513,39.52509999908216,0.008528516523273588,0
side_90,dataset\external_videos\correct\P06_correct_side_90_001.mp4,12,180,0,1,9.468500000366475,24.11970000139263,4.215200000544428,2.425099999527447,40.28920000018843,0.008528516523273588,0
side_90,dataset\external_videos\correct\P06_correct_side_90_001.mp4,13,195,0,1,10.829000000740052,24.116200000207755,3.9914999997563427,2.809300000080839,41.85189999952854,0.006912269644012936,0
side_90,dataset\external_videos\correct\P06_correct_side_90_001.mp4,14,210,0,1,10.763700000097742,25.2161000007618,4.617900000084774,4.300800001146854,44.96560000006866,0.006912269644012936,0
side_90,dataset\external_videos\correct\P06_correct_side_90_001.mp4,15,225,0,1,7.418799999868497,20.358599998871796,4.414500001075794,2.8615000010177027,35.11339999931806,0.006912269644012936,0
side_90,dataset\external_videos\correct\P06_correct_side_90_001.mp4,16,240,0,1,10.473599999386352,27.074900001025526,4.335399999035872,4.971300000761403,46.95019999962824,0.006912269644012936,0
side_90,dataset\external_videos\correct\P06_correct_side_90_001.mp4,17,255,0,1,17.914599999130587,31.612300001143012,5.266699999992852,5.933099999310798,60.873099999298574,0.008528516523273588,0
side_90,dataset\external_videos\correct\P06_correct_side_90_001.mp4,18,270,0,1,9.156299998721806,21.72459999928833,6.116000000474742,3.468799999609473,40.53310000017518,0.005168863759374023,0
side_90,dataset\external_videos\correct\P06_correct_side_90_001.mp4,19,285,0,1,9.07299999926181,23.53399999992689,4.165100001046085,3.3684999998513376,40.23769999912474,0.005697049926725495,0
side_90,dataset\external_videos\correct\P06_correct_side_90_001.mp4,20,300,0,1,9.96320000012929,20.98140000089188,3.4590999985084636,2.9334999999264255,37.396699999590055,0.0062200303869725596,0
side_90,dataset\external_videos\correct\P06_correct_side_90_001.mp4,21,315,0,1,9.41880000027595,21.933199999693898,3.890300000421121,2.9632000005221926,38.2618999992701,0.00202914160645305,0
side_90,dataset\external_videos\correct\P06_correct_side_90_001.mp4,22,330,0,1,10.70369999979448,25.453700000070967,4.416600000695325,3.1870000002527377,43.827999999848544,0.00342917869286488,0
side_90,dataset\external_videos\correct\P06_correct_side_90_001.mp4,23,345,0,1,12.408299999151495,25.118199999269564,3.879699999743025,2.7972000007139286,44.26199999943492,0.005120054965215975,0
side_90,dataset\external_videos\correct\P06_correct_side_90_001.mp4,24,360,0,1,10.940300000584102,24.912900000344962,4.319099998610909,4.039699999339064,44.27469999973255,0.0051405982114735935,0
side_90,dataset\external_videos\correct\P06_correct_side_90_001.mp4,25,375,0,1,13.273700000354438,29.271700001118006,5.927099999098573,6.512300000395044,55.04959999962011,0.005580485467224065,0
side_90,dataset\external_videos\correct\P06_correct_side_90_001.mp4,26,390,0,1,10.392600001068786,23.886799999672803,4.638899999918067,2.275000000736327,41.2493000003451,0.009407727557204216,0
side_90,dataset\external_videos\correct\P06_correct_side_90_001.mp4,27,405,0,1,8.308299999043811,20.055500001035398,3.802499999437714,2.201499999500811,34.48299999945448,0.06263144684168508,0
side_90,dataset\external_videos\correct\P06_correct_side_90_001.mp4,28,420,0,1,8.834399999614106,26.073699998960365,3.453000001172768,3.5327999994478887,41.94859999915934,0.19283758559085726,0
side_90,dataset\external_videos\correct\P06_correct_side_90_001.mp4,29,435,0,1,9.14089999969292,28.507900000477093,4.644900000130292,4.3868000011570984,46.82419999880949,0.05258550613438628,0
side_90,dataset\external_videos\correct\P06_correct_side_90_001.mp4,30,450,0,1,12.761899999532034,32.56549999969138,7.346099999267608,5.644900000334019,58.40669999997772,0.006195862901251026,0
side_90,dataset\external_videos\correct\P06_correct_side_90_001.mp4,31,465,0,1,10.388800001237541,27.447200000096927,5.354799999622628,4.003499998361804,47.328399999969406,0.00524470237094532,0
side_90,dataset\external_videos\correct\P06_correct_side_90_001.mp4,32,480,0,1,8.588900000177091,21.44179999959306,3.420400000322843,2.181800000471412,35.70199999921897,0.00524470237094532,0
side_90,dataset\external_videos\correct\P06_correct_side_90_001.mp4,33,495,0,1,9.69739999891317,21.47289999993518,3.5908999998355284,2.310800000486779,37.12739999900805,0.0072973336737759825,0
side_90,dataset\external_videos\correct\P06_correct_side_90_001.mp4,34,510,0,1,10.451800000737421,24.345899999389076,4.288500000257045,3.3622000009927433,42.53120000066701,0.0020676599292808254,0
side_90,dataset\external_videos\correct\P06_correct_side_90_001.mp4,35,525,0,1,10.315100000298116,23.290600000109407,4.2376000001240755,2.330699999220087,40.23360000064713,0.0027774063201714536,0
side_90,dataset\external_videos\correct\P06_correct_side_90_001.mp4,36,540,0,1,10.594100000162143,22.845700001198566,4.724099999293685,2.90570000106527,41.12410000016098,0.006539311750603754,0
side_90,dataset\external_videos\correct\P06_correct_side_90_001.mp4,37,555,0,1,10.429400001157774,20.153199999185745,3.40909999977157,2.3678999987168936,36.433700000998215,0.010242792100187317,0
side_90,dataset\external_videos\correct\P06_correct_side_90_001.mp4,38,570,0,1,9.625100001358078,20.987600000808015,3.3671000001049833,3.5795000003417954,37.61070000109612,0.010965172718598403,0
side_90,dataset\external_videos\correct\P06_correct_side_90_001.mp4,39,585,0,1,9.906900000714813,22.509799999170355,3.8100999991002027,2.3949000005814014,38.679100000081235,0.0031506023637581588,0
side_90,dataset\external_videos\correct\P06_correct_side_90_001.mp4,40,600,0,1,8.156400001098518,23.5052000007272,3.2893000006879447,2.925499999037129,37.92980000071111,0.0027354659447911215,0
side_90,dataset\external_videos\correct\P06_correct_side_90_001.mp4,41,615,0,1,7.181700000728597,22.436499999457737,3.644700000222656,2.2635999994236045,35.59540000060224,0.001830884432983601,0
side_90,dataset\external_videos\correct\P06_correct_side_90_001.mp4,42,630,0,1,8.323899999595596,22.93660000032105,3.6296999987825984,2.240100000562961,37.18219999973371,0.0024005282356809347,0
side_90,dataset\external_videos\correct\P06_correct_side_90_001.mp4,43,645,0,1,8.500100000674138,20.939999998518033,3.8722999997844454,2.8352000008453615,36.20460000092862,0.0021794620113509597,0
side_90,dataset\external_videos\correct\P06_correct_side_90_001.mp4,44,660,0,1,8.720600000742706,22.553299999344745,4.262200000084704,3.067400000873022,38.66039999957138,0.001595879373057809,0
side_90,dataset\external_videos\correct\P06_correct_side_90_001.mp4,45,675,0,1,7.840599999326514,20.684700000856537,3.6987999992561527,2.941599999758182,35.23219999988214,0.0017578561832700774,0
side_90,dataset\external_videos\correct\P06_correct_side_90_001.mp4,46,690,0,1,11.065200000302866,22.57869999994,3.9782000003469875,2.711000000999775,40.41549999965355,0.0021340412218994664,0
side_90,dataset\external_videos\correct\P06_correct_side_90_001.mp4,47,705,0,1,9.86419999935606,23.670899998251116,4.065899998749956,2.450199999657343,40.125800000168965,0.002648412326333886,0
side_90,dataset\external_videos\correct\P06_correct_side_90_001.mp4,48,720,0,1,8.491200000207755,22.22059999985504,3.8080000012996607,3.357300000061514,37.933899999188725,0.002075363693986768,0
side_90,dataset\external_videos\correct\P06_correct_side_90_001.mp4,49,735,0,1,7.533299998613074,20.695200000773184,3.366400000231806,2.8984000000491505,34.5523999985744,0.00288807370012056,0
side_90,dataset\external_videos\correct\P06_correct_side_90_001.mp4,50,750,0,1,10.932600000160164,21.335699999326607,3.5033000003750203,3.1706000008853152,38.99769999952696,0.0039825797042424595,0
side_90,dataset\external_videos\correct\P06_correct_side_90_001.mp4,51,765,0,1,7.537899999078945,21.77080000001297,5.508700000063982,3.2649000004312256,38.195199998881435,0.009342069578277996,0
side_90,dataset\external_videos\correct\P06_correct_side_90_001.mp4,52,780,0,1,10.13980000061565,23.785100000168313,4.528999999820371,3.801799999564537,42.31460000119114,0.00918654600331655,0
side_90,dataset\external_videos\correct\P06_correct_side_90_001.mp4,53,795,0,1,8.542799998394912,21.438300000227173,4.075499999089516,3.3629000008659204,37.5049999984185,0.010347053553003279,0
side_90,dataset\external_videos\correct\P06_correct_side_90_001.mp4,54,810,0,1,7.192999999460881,20.88959999855433,3.6993999983678805,2.527399999962654,34.38899999855494,0.00993474824011621,0
side_90,dataset\external_videos\correct\P06_correct_side_90_001.mp4,55,825,0,1,7.823899999493733,21.56730000024254,3.6760999992111465,2.194600001530489,35.32719999930123,0.008283476611915053,0
side_90,dataset\external_videos\correct\P06_correct_side_90_001.mp4,56,840,0,1,7.350699999733479,21.85540000027686,3.7190999992162688,2.1839000000909436,35.16209999907005,0.008876920538417859,0
side_90,dataset\external_videos\correct\P06_correct_side_90_001.mp4,57,855,0,1,8.684499998707906,23.97240000027523,3.579100000933977,3.2572000000072876,39.55629999836674,0.007800956997980099,0
side_90,dataset\external_videos\correct\P06_correct_side_90_001.mp4,58,870,0,1,9.92249999944761,21.639299999151262,3.4540999986347742,2.762599999186932,37.84319999977015,0.011151069542530506,0
side_90,dataset\external_videos\correct\P06_correct_side_90_001.mp4,59,885,0,1,7.999600000403007,19.298699999126256,3.8242999999056337,3.243099999963306,34.420900001350674,0.009995716075134574,0
side_90,dataset\external_videos\correct\P06_correct_side_90_001.mp4,60,900,0,1,9.715599999253755,22.212300000319374,3.797000001213746,2.470999999786727,38.25209999922663,0.011170419514693981,0
side_90,dataset\external_videos\correct\P06_correct_side_90_001.mp4,61,915,0,1,8.142099999531638,21.232500001133303,5.19220000023779,2.965800000310992,37.59639999952924,0.01981131960272192,0
side_90,dataset\external_videos\correct\P06_correct_side_90_001.mp4,62,930,0,1,10.117900001205271,23.199000001113745,4.050499999721069,3.059900000152993,40.484000001015374,0.022674484855522398,0
side_90,dataset\external_videos\correct\P06_correct_side_90_001.mp4,63,945,0,1,9.212500001012813,23.92340000005788,4.049799999847892,2.5504000004730187,39.82540000106383,0.022674484855522398,0
side_90,dataset\external_videos\correct\P06_correct_side_90_001.mp4,64,960,0,1,9.69509999958973,21.308800000042538,3.8610999999946216,2.241299998786417,37.157400000069174,0.022048205296839415,0
side_90,dataset\external_videos\correct\P06_correct_side_90_001.mp4,65,975,0,1,9.019299999636132,23.637399999643094,3.839999999399879,3.319200000987621,39.88790000039444,0.022248039626498267,0
side_90,dataset\external_videos\correct\P06_correct_side_90_001.mp4,66,990,0,1,10.56579999931273,24.29680000022927,4.484800001591793,3.2596000000921777,42.71849999895494,0.022248039626498267,0
side_90,dataset\external_videos\correct\P06_correct_side_90_001.mp4,67,1005,0,1,8.913900001061847,24.432399999568588,4.725000000689761,3.6445999994612066,41.83840000041528,0.01809509556709162,0
side_90,dataset\external_videos\correct\P06_correct_side_90_001.mp4,68,1020,0,1,9.088999999221414,20.561799999995856,3.4403999998176005,2.7203999998164363,35.865100000592065,0.632788961397869,0
side_90,dataset\external_videos\correct\P06_correct_side_90_001.mp4,69,1035,0,1,8.909599999242346,21.3473999992857,3.583400000934489,2.2514000011142343,36.14729999935662,0.018875989644331993,0
side_90,dataset\external_videos\correct\P06_correct_side_90_001.mp4,70,1050,0,1,7.961899998917943,20.963599999959115,3.7551999994320795,2.1962000009807525,34.95339999972202,0.018875989644331993,0
side_90,dataset\external_videos\correct\P06_correct_side_90_001.mp4,71,1065,0,1,7.954899998367182,19.82999999927415,3.478700000414392,2.4742000005062437,33.791599998949096,0.0207553835007072,0
side_90,dataset\external_videos\correct\P06_correct_side_90_001.mp4,72,1080,0,1,7.442100000844221,21.648500000083004,3.619200000684941,2.2807999994256534,35.07829999944079,0.0207553835007072,0
side_90,dataset\external_videos\correct\P06_correct_side_90_001.mp4,73,1095,0,1,8.834000000206288,20.683000000644824,3.4611999999469845,2.967500000522705,36.00230000120064,0.0207553835007072,0
side_90,dataset\external_videos\correct\P06_correct_side_90_001.mp4,74,1110,0,1,8.631799999420764,22.220000000743312,3.308600000309525,2.991999999721884,37.20749999956752,0.5776603203589985,0
side_90,dataset\external_videos\correct\P06_correct_side_90_001.mp4,75,1125,0,1,9.54960000126448,31.305200000133482,6.528300000354648,4.193699998722877,51.65860000124667,0.6107601317026373,0
side_90,dataset\external_videos\correct\P06_correct_side_90_001.mp4,76,1140,0,1,12.476700001570862,26.85629999905359,3.9837999993324047,3.8915999994060257,47.270200000639306,0.6107601317026373,0
side_90,dataset\external_videos\correct\P06_correct_side_90_001.mp4,77,1155,0,1,10.977600000842358,22.669800000585383,3.8468000002467306,2.2824000006949063,39.83410000000731,0.016629099124772777,0
side_90,dataset\external_videos\correct\P06_correct_side_90_001.mp4,78,1170,0,1,8.906400000341819,24.186299999200855,4.206100000374136,2.7691000013874145,40.125800000168965,0.01158940985768937,0
side_90,dataset\external_videos\correct\P06_correct_side_90_001.mp4,79,1185,0,1,8.537699999578763,22.04650000021502,3.9862999983597547,2.934900001491769,37.582999999358435,0.009499041936806242,0
side_90,dataset\external_videos\correct\P06_correct_side_90_001.mp4,80,1200,0,1,8.065699999860954,22.82980000018142,4.044900000735652,2.697099998840713,37.69370000009076,0.0121424591461197,0
side_90,dataset\external_videos\correct\P06_correct_side_90_001.mp4,81,1215,0,1,9.790599999178085,21.687000000383705,3.2821999993757345,2.907599999161903,37.72269999899436,0.47572902540017614,0
side_90,dataset\external_videos\correct\P06_correct_side_90_001.mp4,82,1230,0,1,9.004199999253615,23.066499999913503,3.6385999992489815,3.6189000002195826,39.39189999982773,0.5410723853496546,0
side_90,dataset\external_videos\correct\P06_correct_side_90_001.mp4,83,1245,0,1,10.692699999708566,21.198200000071665,3.8585999991482822,2.24530000014056,38.04719999970985,0.5573648649314681,0
side_90,dataset\external_videos\correct\P06_correct_side_90_001.mp4,84,1260,0,1,9.767000001374981,21.222600000328384,3.9914999997563427,2.7661000003718073,37.80259999984992,0.6126459898287041,0
side_90,dataset\external_videos\correct\P06_correct_side_90_001.mp4,85,1275,0,1,8.738700000321842,19.400600000153645,3.857100000459468,2.2915999998076586,34.34779999952298,0.5253667345773001,0
side_90,dataset\external_videos\correct\P06_correct_side_90_001.mp4,86,1290,0,1,9.45759999922302,21.61350000096718,3.573300000425661,3.0031000005692476,37.708599998950376,0.4822168069502347,0
side_90,dataset\external_videos\correct\P06_correct_side_90_001.mp4,87,1305,0,1,9.936400001606671,22.51080000132788,4.219800001010299,2.3379000012937468,39.08380000029865,0.2982872380085835,0
side_90,dataset\external_videos\correct\P06_correct_side_90_001.mp4,88,1320,0,1,7.663900001716684,22.009000000252854,3.7433999987115385,2.466799998728675,35.95070000119449,0.33443760606685846,0
side_90,dataset\external_videos\correct\P06_correct_side_90_001.mp4,89,1335,0,1,7.448700000168174,24.16300000004412,3.606199999921955,2.2625000001426088,37.5374000013835,0.4221077649736862,0
side_90,dataset\external_videos\correct\P06_correct_side_90_001.mp4,90,1350,0,1,11.425900000176625,22.19399999921734,4.034199999296106,2.3759000014251797,40.08559999965655,0.49311670297518545,0
side_90,dataset\external_videos\correct\P06_correct_side_90_001.mp4,91,1365,0,1,11.099100000137696,25.131300000794,4.062699999849428,2.836199999364908,43.29580000012356,0.4752568149056829,0
side_90,dataset\external_videos\correct\P06_correct_side_90_001.mp4,92,1380,0,1,10.39650000166148,22.882499999468564,3.335299999889685,3.521599999658065,40.19220000009227,0.5615327990540643,0
side_90,dataset\external_videos\correct\P06_correct_side_90_001.mp4,93,1395,0,1,8.283499999379274,21.190800000113086,3.660399999716901,2.187799998864648,35.37770000002638,0.5615327990540643,0
side_90,dataset\external_videos\correct\P06_correct_side_90_001.mp4,94,1410,0,1,8.142500000758446,23.201100000733277,3.910100000211969,2.410200000667828,37.73140000157582,0.6126459898287041,0
side_90,dataset\external_videos\correct\P06_correct_side_90_001.mp4,95,1425,0,1,8.890000000974396,21.587699999145116,3.4226999996462837,2.9512000000977423,36.917400000675116,0.5410723853496546,0
side_90,dataset\external_videos\correct\P06_correct_side_90_001.mp4,96,1440,0,1,9.85939999918628,22.202899999683723,4.012700001112535,2.518400000553811,38.645099999484955,0.5410723853496546,0
side_90,dataset\external_videos\correct\P06_correct_side_90_001.mp4,97,1455,0,1,7.658700000320096,21.86249999977008,4.004099999292521,2.489300000888761,36.085100000491366,0.3868341014678811,0
side_90,dataset\external_videos\correct\P06_correct_side_90_001.mp4,98,1470,0,1,9.449299999687355,22.359599999617785,3.4006000005319947,3.1730999999126652,38.434599999163765,0.35121831080317495,0
side_90,dataset\external_videos\correct\P06_correct_side_90_001.mp4,99,1485,0,1,8.97140000051877,23.642099999051425,4.707099998995545,2.3998999986361014,39.78020000067772,0.36429142310071755,0
side_90,dataset\external_videos\correct\P06_correct_side_90_001.mp4,100,1500,0,1,8.558999999877415,22.262799999225535,4.180100000667153,2.307499999005813,37.36239999852842,0.3213046895235076,0
side_90,dataset\external_videos\correct\P06_correct_side_90_001.mp4,101,1515,0,1,8.732899999813526,22.289699998509604,3.5286999991512857,3.286099999968428,37.904699998762226,0.3140468367162024,0
side_90,dataset\external_videos\correct\P06_correct_side_90_001.mp4,102,1530,0,1,10.419300000648946,24.2988999998488,6.518800000776537,5.0889000012830365,46.39040000074601,0.3140468367162024,0
side_90,dataset\external_videos\correct\P06_correct_side_90_001.mp4,103,1545,0,1,9.655300000304123,21.15790000061679,4.1013000009115785,2.3869999986345647,37.3608999998396,0.3497533019218191,0
side_90,dataset\external_videos\correct\P06_correct_side_90_001.mp4,104,1560,0,1,8.743500000491622,26.220699999612407,3.8825999999971827,3.522999999404419,42.42970000086643,0.5688083836883772,0
side_90,dataset\external_videos\correct\P06_correct_side_90_001.mp4,105,1575,0,1,9.754200000315905,21.779299999252544,3.475100000287057,2.3913999993965263,37.45800000069721,0.017498056683952108,0
side_90,dataset\external_videos\correct\P06_correct_side_90_001.mp4,106,1590,0,1,10.478099999090773,21.95879999999306,4.183999999440857,2.98560000010184,39.670799998930306,0.017498056683952108,0
side_90,dataset\external_videos\correct\P06_correct_side_90_001.mp4,107,1605,0,1,10.600999999951455,23.83670000017446,4.146499999478692,2.69289999960165,41.34329999942565,0.4651042842514925,0
side_90,dataset\external_videos\correct\P06_correct_side_90_001.mp4,108,1620,0,1,9.587799999280833,22.578000000066822,4.038399998535169,2.2927999998501036,38.5495999998966,0.3836983473208021,0
side_90,dataset\external_videos\correct\P06_correct_side_90_001.mp4,109,1635,0,1,8.873500000845524,22.29269999952521,4.178799999863259,2.616699999634875,38.02419999919948,0.34678555485998147,0
side_90,dataset\external_videos\correct\P06_correct_side_90_001.mp4,110,1650,0,1,8.473400001093978,22.19850000074075,3.963600000133738,2.2219000002223765,36.91199999957462,0.3074856794353331,0
side_90,dataset\external_videos\correct\P06_correct_side_90_001.mp4,111,1665,0,1,7.894700000179,21.24279999952705,3.9474999994126847,2.180400000725058,35.321100000146544,0.30556829249911355,0
side_90,dataset\external_videos\correct\P06_correct_side_90_001.mp4,112,1680,0,1,8.064800000283867,21.082499999465654,3.4891000013885787,2.2635000004811445,34.950299999763956,0.31959005803547874,0
side_90,dataset\external_videos\correct\P06_correct_side_90_001.mp4,113,1695,0,1,8.125100001052488,22.599199999604025,4.016700000647688,3.7467000001925044,38.58530000070459,0.07195001370621125,0
side_90,dataset\external_videos\correct\P06_correct_side_90_001.mp4,114,1710,0,1,9.747800000695861,22.696199999700184,3.5010000010515796,2.2183999990375014,38.21620000053372,0.7504243796440472,0
side_90,dataset\external_videos\correct\P06_correct_side_90_001.mp4,115,1725,0,1,9.008900000480935,21.992199999658624,3.7306000012904406,2.3957999983394984,37.20210000028601,0.6391444003628837,0
side_90,dataset\external_videos\correct\P06_correct_side_90_001.mp4,116,1740,0,1,8.455200000753393,19.463100001303246,4.0984999995998805,2.1967000011500204,34.275399999387446,0.6547024135001146,0
side_90,dataset\external_videos\correct\P06_correct_side_90_001.mp4,117,1755,0,1,8.171600000423496,22.20560000023397,4.10839999858581,2.5340000011055963,37.08740000001853,0.6547024135001146,0
side_90,dataset\external_videos\correct\P06_correct_side_90_001.mp4,118,1770,0,1,8.254999998825951,23.59460000116087,3.738800000064657,2.529199999116827,38.18370000044524,0.6958609197054428,0
side_90,dataset\external_videos\correct\P06_correct_side_90_001.mp4,119,1785,0,1,8.975799999461742,22.99250000032771,3.372999999555759,2.510600001187413,37.905099999989034,0.6630846134130227,0
